v1,v2
 ham,ทรูเคียงคู่สู้โควิด มอบสิทธิ์ชมฟรี!ทรูวิชั่นส์ นาว ไลท์ สำหรับผู้ที่อยู่ในรพ.สนามทั่วประเทศ ชมความบันเทิง 24 ช่องทรูวิชั่นส์ได้ทันทีทางแอปทรูไอดี 30 วัน เพียงใส่รหัส FHBXHB3 รับสิทธิ์ชมที่แอปทรูไอดี คลิก bit.ly/welfh
spam,Flash TH030450H01G2H1 จัดส่งสำเร็จ รายละเอียด https://fli.pub/rky4I9
ham,คุณได้รับ 1 ทรูพอยท์จากการจ่ายผ่านทรูมันนี่ที่ 7-eleven คะแนนคงเหลือ 20 ทรูพอยท์ รับฟรีเน็ต10GB/และอีกเพียบ https://bit.ly/3ZOKTw0 เช็คคะแนนกด *999# โทรออก(ฟรี)
ham,ด่วน! โปรดแสกนใบหน้าในแอป Shopee กด Me (ฉัน) > ShopeePay ภายใน 31 ธ.ค.66
ham,ใหม่! มันม่วง จอมป่วน ซื้อเลยที่ LINE STORE จ่ายผ่านเบอร์ทรูที่ https://lin.ee/5W1olW9/Leph
ham,ขณะนี้บัตร M Pass เลข 4 ตัวท้าย 7882 ของท่านถึงกำหนดชำระแล้ว สามารถทำการชำระได้ที่ https://bit.ly/3ovGpJW (ลิ้งค์สามารถทำรายการได้ภายใน 10 วัน นับจากที่ได้รับ) บัตร M Pass สามารถใช้งานได้หลังจากการชำระโดยสมบูรณ์แล้ว 30 นาที ขออภัยหากท่านทำการชำระเงินแล้ว
ham,ขอเชิญชาวนนทบุรี ห่างไกลโรคหลอดเลือดสมอง ผ่านโครงการแสงนำใจไทยทั้งชาติ เดินวิ่งปั่น ป้องกันอัมพาต ครั้งที่ 9 เฉลิมพระเกียรติ วันที่ 29 ต.ค. 66 สมัครคลิก https://race.thai.run/wrb9nonthaburi
ham,สุขสันต์วันเกิด! เฉพาะคุณ รับฟรี บลิซซาร์ด ไซส์ควอท มูลค่า 259.- รสชาติใดก็ได้ เมื่อซื้อขั้นต่ำครบ 100.- m1b.cc/wZ1ciTn
ham,"ดูหนัง ดูซีรีส์เ ฟังเพลง เริ่มต้นวันละ 9บ.บนแพลตฟอร์มดัง เลือกเลย WeTV, iQiyi,VIU,TrueID+,YouTube แบบรายวัน 18ส.ค66-30ต.ค66 เพิ่มเติม/ซื้อแพ็ก tmvh.co/c318"
ham,แลกซื้อราคาพิเศษ @The Pizza Company ลูกค้าทรูแลกซื้อสปาเก็ตตี้ ทรีโอ้ เพียง 219บ. (ปกติ 239บ.) 1มค67-30มิย67 รับสิทธิ์ที่ https://bit.ly/3Okl2IK
ham,เฉพาะลูกค้าทรู! รับส่วนลด 30บ. @สุกี้ตี๋น้อย ใช้เพียง 149 ทรูพอยท์เท่านั้น สาวกตี๋น้อยอย่างเราห้ามพลาด 15ม.ค.67-31มี.ค.67 คลิก https://bit.ly/3O29vOe
ham,อั่งเปาตั่วตั่วไก๊ แพ็กเน็ตมงคลรับตรุษจีน 99GB 10วัน 299บาท เน็ตแรงเต็มสปีด เร็ว แรง เฮงๆ ซื้อกด900​8570#โทรออก ที่ทรูมันนี่ tmvh.co/1309 8ก.พ67-12ก.พ.67
ham,ห้ามพลาด! Free gifts ยังแจกต่อ ฟรี Samsung Galaxy S23 Ultra เฉพาะ 28 ม.ค. 67 เล่นฟรีที่ทรูไอดี คลิก! https://ttid.co/ln4U/e87nmqie
ham,บริการแจ้งเตือนค่าบริการ ทรูมูฟ เอช หมายเลข 0802193413 ยอดรวมที่ต้องชำระ 426.93 บาท กำหนดชำระวันที่ 06/02/2567 จ่ายบิลรับทรูพอยท์ แลกฟรี! สินค้าสุดพิเศษจาก One Piece คลิก https://bit.ly/3aCZYMM
ham,<#> OTP 389737 (Ref:FPNQ) ห้ามแจ้งรหัสกับบุคคลอื่นทุกกรณี AVRIJHC739A
ham,SPayLater 968.28 บาท ครบกำหนดวันที่ 05-02-2024 ชำระภายในกำหนดเพื่อหลีกเลี่ยงค่าใช้จ่ายเพิ่มเติม สอบถามติดต่อ help@spaylater.in.th
ham,ขอบคุณที่ชำระค่าไฟฟ้าเดือน 01/2567 คลิก https://smsetax.pea.co.th/orbAj-bYS0eG5ypZYw7u0w
ham,"โรคเยอะ ก็สมัครได้! ประกันชีวิตอาวุโสโอเคจาก AIA สมัครง่าย ไม่ต้องตรวจสุขภาพ คุ้มครองชีวิตสูงสุด 200,000บ. เบี้ยเริ่มต้นเพียงวันละ 6บ. คลิกเลย! https://ct.elinks.io/V3SPRyQy"
ham,"ใครว่าผู้สูงอายุทำประกันไม่ได้ ประกันชีวิตอาวุโสโอเค คุ้มครองชีวิตสูงสุด 200,000บ. เริ่มต้นเพียงวันละ 6บ. ไม่ต้องตรวจสุขภาพ สมัครง่ายเป็นโรคอะไรก็สมัครได้ จากAIA https://ct.elinks.io/j7mYg0JU"
ham,ออเดอร์จากคุณ chocadoof rangsit  จะถูกจัดส่งด้วยไรเดอร์จาก foodpanda เลขออเดอร์ของคุณคือ pgo-soiheg ติดตามสถานะออเดอร์ได้ที่ https://pndgo.link/c45ngym
ham,คุ้มเว่อร์! แค่โหลดแอปฯ Rabbit Rewards เช็กพอยท์สะสมของคุณที่มีตอนนี้และนำมาแลกเที่ยวเดินทาง BTS ฟรี อย่ารอช้าโหลดเลย bit.ly/3Enc9ce
ham,สำคัญ! อัปเดตสิทธิพิเศษชาวโปรเมษานี้ ดูเพิ่ม bit.ly/3lqQCcp
ham,"Welcome to Bath & Body Works, PATCHARALUK! Complete your registration at https://bit.ly/3r7A5rG to celebrate 365 Days of Fragrance Fun!"
ham,โหวตThe Star ค้นฟ้าคว้าดาว 1โหวต6บ กด*425*หมายเลขผู้เข้าแข่งขัน#โทรออก
ham,"พิเศษเฉพาะคุณ เพียงดาวน์โหลดและลงทะเบียน ONESIAM SuperApp รับสิทธิ์พิเศษ 3 ต่อ ต่อที่1 รับฟรีทันทีส่วนลด 500 บาท* เมื่อช้อปปิ้งที่ ONESIAM SuperApp ตั้งแต่ 1,000 บาท ต่อที่2 รับ VIZ Coins ใช้แทนเงินสด มูลค่า 200บาท* เมื่อช้อปปิ้งตั้งแต่ 1,000 บาท ที่ Siam Paragon, ICONSIAM, Siam Center, Siam Discovery และต่อที่3 สิทธิ์จอดรถฟรี 8 ชั่วโมง* ดาวน์โหลดและลงทะเบียนที่ bit.ly/3BFihvV *เพิ่มเติมคลิก bit.ly/3dbYwSN"
ham,[SHEIN]SHEIN Your unfinished order GSHN4Y03S000MKQ has been cancelled. Applied coupon/points will be credited back to your account. Thank you for understanding!
ham,"Lazada 10.10 รับส่วนลดสูงสุด 1,010 บ. + cashback 10% คลิก https://ct.elinks.io/ZtQz4Neb"
ham,เปิดแล้ว! TrueCoffee สาขาศูนย์สิริกิติ์ พบกับกาแฟและเบเกอรี่สดใหม่ ให้คุณได้ลอง พิเศษเพียง โชว์ SMS นี้ ภายในวันที่ 22-30 ก.ย. นี้ ลดเลย 15% แล้วเจอกันน้า...
ham,รหัส OTP สำหรับ TCAS ของคุณคือ 419524 (รหัสอ้างอิง otiBdZQwa)
ham,เดือนเกิดปีนี้ ฉลองด้วยชุด Birthday ลดสูงสุด 32% พิเศษเฉพาะเพื่อน GON Gang Club #วันเกิดวันสุขของครอบครัว
ham,กรี๊ดดด โดนใจคนชอบชีส Onion Cheese Ring 1 box เพียง 85 บ. จากอานตี้แอนส์ สั่งทรูฟู้ดที่แอป True Market 1-30 เมย66 คลิกเลย bit.ly/TZMKT
ham,รหัส Spotify: 942512 ใช้ได้ภายใน 5 นาที
ham,[J&T Express]613845285362 จัดส่งสำเร็จแล้ว รายละเอียดhttps://jtexp.co/s?vbWJlGH
ham,[J&T Express]พัสดุ622239096426 จัดส่งสำเร็จแล้ว ตรวจสอบได้ที่เว็บไซต์ J&T Express Thailandหากมีข้อสงสัย กรุณาติดต่อ call center 1470
ham,คุณได้เงินคืน 4.50บ. จากโปรซื้อแพ็กเสริมรับเงินคืน50% เข้ากระเป๋าเงินคืนของคุณ ใช้เงินคืนซื้อเน็ตได้ที่ tmvh.co/c136 (มีอายุ 24ชม.)
ham,รู้หรือยัง? ใช้ทรูพอยท์ แลก ลด คุ้ม ได้แล้ววันนี้ที่แม็คโคร พบสินค้ายอดนิยมกว่า 47 รายการ  24มค67-20กพ67 คลิก https://ttid.co/OiLl/M03
ham,แพ็กเกจ เน็ต 9GB 9บาท 24ชม. + อายุการใช้งานซิม 30วัน ใช้งานได้ถึง 14/02/2024 09:46:20 เช็กเงิน เช็กเน็ตคงเหลือ หรือซื้อแพ็กเกจเสริมเฉพาะสำหรับคุณได้ที่ tmvh.co/check แนะนำ! เน็ตพุ่งx2 เน็ตไม่อั้น 8Mbps (ปกติ4Mbps) 1วัน 32บ. (ไม่รวมVAT) กด *900*3888# โทรออก หรือ tmvh.co/c117
ham,"ขอบคุณที่นั่งรถ Robinhood Ride รับ 1 โค้ด ""rr239908 แลก Rabbit Rewards 250พอยท์ที่แอป Rabbit Rewards เพื่อแลกตั๋วบีทีเอสหรือส่วนลดอื่นๆ รายละเอียด https://rabbitrewars.page.link/home"
ham,เชิญชวนร่วมโหวตหนังสือในดวงใจ กับหนังสือแห่งปี NaiinReadersAwards2023 ตั้งแต่วันที่ 6-19 พ.ย.66 ร่วมโหวตคลิก https://bit.ly/3QJ1v6s
ham,"โหลดเพลงใหม่มาแรง ท้องฟ้ามหาสมุทร-MONICA, แชทสุดท้าย-FOOLSTEP, ง่ายๆ(COMPLETE)-Offroad กด12312โหลดเพลงกับเจ้าหน้าที่โทร12399(5บ/น)"
ham,เอไอเอสไฟเบอร์ ขอแนะนำแพ็กเสริมเพิ่มสปีดการใช้งานเน็ตบ้าน หมายเลข  8800292124 ได้สัมผัสความเร็ว แรงขึ้นกว่าเดิม กับสปีด 500/500 Mbps เพียง 89บ./เดือน สมัครเลย https://m.ais.co.th/SpeedBOOST500Mbps
ham,เที่ยวเหนือชั้น เร็วแรงถึงทั่วโลก ใช้ง่าย ไม่ต้องเปลี่ยนซิม กับแพ็กเน็ตโรมมิ่ง GO Travel เริ่มเพียง 99 บาท พิเศษ! ฟรีประกันเดินทาง และสิทธิพิเศษอีกเพียบ คลิก https://www.dtac.co.th/s/5I5YvoF
ham,พิเศษ! ซื้อประกันเดินทางผ่าน ดีชัวรันส์ รับส่วนลด 15%ทันที ไม่มีขั่นต่ำ กรอกโค้ด Trip15 https://www.dtac.co.th/s/6ADUpVf
ham,นั่งทำงานชิลๆ ฟรีทุกวัน! ลูกค้าทรูแบล็คและทรูเรดเข้าใช้บริการ Co-Working Space ที่ True Space 1มีค66-31ธค67 คลิก https://bit.ly/48st7DE
ham,คุ้มเว่อร์! แค่โหลดแอปฯ Rabbit Rewards เช็กพอยท์สะสมของคุณที่มีตอนนี้และนำมาแลกเที่ยวเดินทาง BTS ฟรี อย่ารอช้าโหลดเลย bit.ly/3Enc9ce
ham,"ขอบคุณที่ชำระค่าบริการที่ AIS eSports Studio จำนวน 200.00 บาท 31/12/2023 21:19, W-KO-10010-6612-5000004974"
ham,"เกาหลีใต้ ไม่พลาดทุกการติดต่อกับSIM2Fly โทรออก กด + ตามด้วยรหัสประเทศและเบอร์ปลายทาง (ตัด 0 หน้าเบอร์ปลายทาง), ติดต่อ AIS CALL CENTER +6620789000"
ham,Your OTP is 612737 (lxNoHU) to proceed withGRABTAXI Amount THB5 from your ttb credit card 43030634**4281.
ham,โปรปังยังไม่จบ รับคืน 2% คุ้มกว่า แค่จ่ายด้วยบัตรเดบิต ttb all free จะเติมน้ำมันที่ปั๊ม esso ที่ยังเปิดให้บริการ หรือ ช้อปออนไลน์ จากแพลตฟอร์มดัง ก็ได้คืนสูงสุด 114 wow/เดือน (1 wow = 1 บาท) ลงทะเบียนแล้วช้อปเลย วันนี้ - 31 ต.ค. 66 ดูรายละเอียดเพิ่มเติมได้ที่เว็บไซต์ของธนาคาร 
ham,จองบริการภายใน 31 ธ.ค.นี้ รับฟรี! เครื่องรางเต่าทองมงคลเรียกทรัพย์
ham,"Patcharee accepted your booking. #2311215T36, see detail here https://beneat.co/reservation/837028"
ham,สมัครบริการ Krungthai NEXT สำเร็จ เมื่อ 08/12/66 ดูเงื่อนไข โดยเข้าเมนูตั้งค่า เลือกข้อกำหนดและเงื่อนไข  หากท่านไม่ได้ทํารายการ หรือมีข้อสงสัยกรุณาติดต่อ 02-111-1111
ham,"คุณได้ติดตั้ง Krungthai NEXT และตั้งรหัส PIN สำเร็จ เมื่อ  หากคุณไม่ได้ทำรายการ กรุณาติดต่อธนาคารที่ 02-111-1111 You have successfully set up Krungthai NEXT and PIN on your device on . If you did not perform the activity, please contact Krungthai at 02-111-1111"
ham,G-038358 is your Google verification code.
ham,เรียกแม่บ้านใน 3 ชม.!!!! บริการใหม่เพื่อคนไม่มีเวลา https://beneat.co/
ham,พิเศษเฉพาะคุณ ดูละครช่อง3 ย้อนหลังที่แรก ไม่มีโฆษณาคั่น ไม่มีค่าใช้จ่ายนานสูงสุด 15 วัน รับสิทธิ์ด้วยหมายเลขอินเทอร์เน็ตที่ขึ้นต้นด้วย 88 แล้วเลือกแอป 3Plus (1 หมายเลข/ 1 สิทธิ์/ ตลอดโครงการ) ตั้งแต่ 22 พ.ย. 66 - 31 ม.ค. 67 รับสิทธิ์ คลิก https://m.ais.co.th/AISFibre3_Watch ขออภัยหากคุณรับสิทธิ์แล้ว
ham,"NetfIix: A freeze has been placed on your Account , Update your payment details to initiate the reactivation process : http://96.30.196.121/"
ham,รู้ยอดง่าย สะดวกตรงเวลา เพียงสมัครใช้บริการรับใบแจ้งยอดค่าใช้จ่ายอิเล็กทรอนิกส์ (E-Statement) หากท่านยินยอมให้ธนาคารจัดส่ง Link ลงทะเบียน พิมพ์ Y ส่งมาที่ 0625965522 ภายใน 31 ธ.ค. 66 (ค่าบริการขึ้นอยู่กับเครือข่าย) ติดต่อสอบถามได้ที่ GSB Contact Center โทร.1115 หรือ 022998888
ham,สิทธิพิเศษสุดคุ้ม! เพื่อลูกค้าAISโดยเฉพาะ สมัครFlowAccount โปรแกรมบัญชีออนไลน์วันนี้ ใช้งานฟรี60วัน ให้คุณบริหารจัดการธุรกิจได้อย่างราบรื่น สมัครกด538549# เพิ่มเติมคลิก https://m.ais.co.th/flowaccsms
ham,เริ่มต้นปีด้วยของขวัญให้ตัวเองกับคอร์สเรียนออนไลน์ไม่อั้นจาก Futureskill อัปทุกทักษะเพื่อคุณคนเดิมที่เก่งขึ้น รับประกันความปังตลอดปี ไม่ง้อโชค พิเศษ! เฉพาะลูกค้า AIS เรียนได้ไม่จำกัดคอร์สกว่า 300 คอร์ส เพียงเดือนละ 653 บาท กด*429#  เพิ่มเติมคลิก https://m.ais.co.th/FutureskillMMS
ham,"เปิดแล้ว! ออโต้วัน สาขาบีเอ็นบี โฮม ตรงข้ามเซ็นทรัลเฟสติวัล ภูเก็ต ช้อปยางชั้นนำ 3 แถม 1 ผ่อน 0% 10 เดือน พิเศษ! สมาชิก The 1 แลกส่วนลดรวม 1,200.- บน The 1 APP คลิก https://bit.ly/46wRcbB"
ham,ลูกค้าที่มีแพ็กเกจ WiFi ไม่อั้นเชื่อมต่อ WiFi อัตโนมัติที่ .@ TrueMove H โดยไม่มีค่าใช้จ่ายเพิ่มเติม .. ลูกค้าที่ไม่มีแพ็กเกจ WiFi ไม่อั้น ควบคุมการใช้งานโดยเชื่อมต่อ WiFi ด้วยตัวเองที่ .@ TRUEWIFI
ham,[TikTok] 220096 คือรหัสยืนยันของคุณ มีอายุ 5 นาที. 
ham,เปิดใช้งานบัตร MaxCard หมายเลข1220343338สำเร็จแล้วเพื่อรับสิทธิพิเศษดีๆเฉพาะคุณ กรุณาตรวจสอบแก้ไขข้อมูลสมาชิกของท่านให้ถูกต้อง และรับทราบนโยบายคุ้มครองข้อมูลส่วนบุคคลที่ c0c.me/Dk1uXvsgG
ham,[LivingOS] รหัสยืนยันของคุณคือ 459655. รหัสยืนยันจะหมดอายุภายใน 2 นาที คุณไม่ต้องตอบกลับข้อความนี้
ham,มอบประสบการณ์ความบันเทิงครบรส ใช้เพียง 1 ทรูพอยท์ แลกรับเน็ตดู ทรูไอดีไม่อั้น นาน 1วัน 1ม.ค.66-31ธ.ค.66 คลิกเลย https://bit.ly/3JaHS3y
ham,"Amazon: Your code is 983770. Don't share it. If you didn't request it, deny here https://amazon.co.jp/a/c/r/34xsQjFG1OXRJxEJn3oVFfuhG"
ham,รหัสยืนยันของคุณ Twitch Sign Up คือ: 620848
ham,ของขวัญให้คนพิเศษกับธีมคีย์บอร์ดมือถือลาย Checkered Christmas สุดน่ารัก เฉพาะลูกค้าเอไอเอส โหลดฟรีคลิก! https://m.ais.co.th/PastelSMS
ham,เรียนพูดอังกฤษไม่อั้น ไม่มีพื้นฐานก็เรียนได้ ราคาพิเศษเพียง 99บาท/เดือน สมัครกด 4783*1#  เพิ่มเติมคลิก https://m.ais.co.th/tocktoss
ham,อัปสกิลอังกฤษปังๆกับคอร์ส Magic Grammar จำแกรมม่าได้ ไม่ต้องท่อง! สมัครกด 4783*2# โทรออก ราคาพิเศษเฉพาะลูกค้าเอไอเอสเพียง 199 บาท/เดือน เพิ่มเติมคลิก https://m.ais.co.th/tocktoss
ham,"ทดลองใช้ Apple One ฟรี 30 วัน สมัครครั้งเดียวใช้ได้ถึง 4 บริการ (iCloud+, Apple TV+, Apple Music, Apple Arcade) เพียงผูกบัญชีชำระเงินผ่านเบอร์ AIS  รับสิทธิ์เลย https://m.ais.co.th/appleone_aug23 วิธีสมัคร Apple One ไปที่ การตั้งค่า > บัญชี > จัดการการสมัครรับ"
ham,พิเศษเฉพาะสมาชิก 219901169886 รับฟรีผลิตภัณฑ์ No7 หรือ Soap&Glory 1 ชิ้น (จำนวนจำกัด) เมื่อซื้อสินค้าแบรนด์บู๊ทส์ใดใด ตั้งแต่วันที่ 21 เม.ย. – 30 มิ.ย. 2566 รายละเอียดเพิ่มเติม bit.ly/41FzwHq โหลดBoots Appรับข้อเสนอพิเศษจากบู๊ทส์ bit.ly/3wyXHum เปลี่ยนแปลงการรับข่าวสารโทร022699599หรือ contact.us@bootsrt.com
ham,Summer นี้พลาดไม่ได้! เอไอเอส มีสิทธิพิเศษและส่วนลดมากมายเพื่อลูกค้าเอไอเอส และ เอไอเอส ไฟเบอร์แบบจัดเต็ม เท่านั้นยังไม่พอ เพียงเชื่อมคะแนนสะสมพาร์ตเนอร์ก็สามารถแลกส่วนลดสุดพิเศษกับ เอไอเอส พอยท์ ได้เลย! ตั้งแต่วันที่ 1 เม.ย. 66 – 30 มิ.ย. 66 คลิก https://m.ais.co.th/E-leafletQ22023
ham,พิเศษ! ลูกค้าเอไอเอสรับสิทธิ์ทดลองใช้ LINE Stickers Premium ฟรี 30 วัน! หลังจากนั้นค่าบริการเดือนละ 69 บาท (รวมVAT) เลือกใช้สติกเกอร์ได้แบบไม่อั้นกว่า 9 ล้านชุด สมัครบริการจ่ายสะดวกผ่านเบอร์ AIS คลิก! https://m.ais.co.th/LINEPremium_mms23
ham,ปีใหม่แล้วขอให้เจอโปรดีๆ มีโปรฟังฟรีมาบอก ฟัง Plern Premium ฟรี 3เดือน! (จากนั้นค่าบริการ 90บ./เดือน) ฟังเพลงไม่มีโฆษณา ล็อกจอหรือไร้เน็ตก็ฟังได้ แค่กด24832# โทรออก
ham,สมัครสมาชิกพรีเมี่ยมบนแอปพลิเคชั่น streaming จะดูหนังฟังเพลงก็ลื่นไหล เพียงจ่ายผ่านเบอร์ดีแทค พิเศษ! สำหรับลูกค้าที่มียอดใช้จ่ายสะสมขั้นต่ำ 500บ.ภายในเดือนนี้ รับฟรี! 500 dtac reward coins เพิ่มเติม https://s.dtac.co.th/TDOR/gue16xx5
ham,McDelivery พร้อมส่ง ชุด BFF คู่หูสุดฟิน 159 บาท https://bit.ly/3mRDL41
ham,เช็กดวงรอบด้าน แนะเคล็ควิธีมูอย่างไรให้ปัง สมัครบริการดวง365 กด 47148# (9บ/วัน) รายละเอียดเพิ่มเติมคลิกhttps://cutt.ly/LwqsotUu
ham,"วาเลนไลน์นี้ โหลดเพลงรอสายฟรี! ฟ้ารักพ่อ-BADMIXY,ปีนี้ไม่ต้องเหงาคนเดียวแล้วโว้ย,Leave the Door Open-Bruno Mars พิเศษ!ใช้ฟรี 1 เดือน คลิก https://m.ais.co.th/ApHdgQnf8"
ham,บิ๊กซีคิดถึงคุณ! รับส่วนลดทันที 75.- เมื่อซื้อสินค้าครบ 500.- ที่บิ๊กซี ทุกสาขา 24 มี.ค.- 6 เม.ย.66 คลิก https://bit.ly/3Tc2602
ham,ร่วมพิสูจน์ความหอม หรูหรามี ระดับ ของ Si Passione ไปกับ ดิว จิรวรรตน์ ได้ที่ เคาน์เตอร์อาร์มานี่ ทุกสาขา พิเศษ รับเพิ่ม น้ำหอมขนาด 15ml ทันทีเมื่อซื้อ Si Passione 1 ขวด วันนี้ ถึง 21 มี.ค. 66 หรือจนกว่าของจะหมด จองสินค้าผ่านผู้ช่วยส่วนตัวได้แล้วที่  > bit.ly/3n2i6Wc
ham,"ติ่งซีรีส์จีนชม iQIYI VIP และPLAY FAMILYพร้อมเน็ต10GBสำหรับแอป iQIYI,AIS PLAY เดือนละ119บ. กด7779293# หรือคลิก m.ais.co.th/WxHxAnruB"
ham,สติกเกอร์ไลน์คลับสุดเกรียนไม่อั้น สมัครกด 53940# 3บ/sms(4sms/วัน)
ham,คุณได้ 12 คะแนนจากการชำระบิล คุณมี 79 คะแนน@27/12/23 เช็กที่ http://m.ais.co.th/zGH6WKzUZ
ham,"ซื้อประกันชีวิตอาวุโสโอเคให้พ่อแม่ คุ้มครองชีวิตสูงสุด 200,000บ. เริ่มต้นเพียงวันละ 6บ. ไม่ต้องตรวจสุขภาพ สมัครง่ายเป็นโรคอะไรก็สมัครได้ จากAIA คลิก! https://ct.elinks.io/tbXtiWYy"
ham,"ลูกค้าทรูรับฟรี! ประกันชีวิตจาก AIA รับ 10,000 บ. เมื่อเสียชีวิตกรณีเจ็บป่วยหรืออุบัติเหตุ คุ้มครองนาน 1 ปี คลิกลงทะเบียน! https://ct.elinks.io/qpqlm3qX"
ham,"เข้ารพ.ทีค่าใช้จ่ายเยอะให้ประกันสุขภาพเหมาจ่ายจากAIA ช่วยคุ้มครองสูงสุด 500,000บ. เบี้ยเบาๆ เริ่มเดือนละ 575บ. ครอบคลุมทั้งผู้ป่วยนอกผู้ป่วยใน และ 6 โรคร้ายแรง คลิก https://ct.elinks.io/1N5lKdEz"
ham,"คุณมีสิทธิ์ยืมเงินหรือแพ็กเกจเน็ตจากทรู
ยืมไปใช้ก่อนตอนนี้ แล้วค่อยจ่ายคืนเมื่อเติมเงิน

ยืมแพ็กเน็ต กด*829#
ยืมเงินค่าโทร กด*827#"
ham,TruexBananaIT สำหรับลูกค้าทรูมูฟเอช ช้อปสินค้า Brand Apple ที่ร้านค้า BaNANA Online Shop ครบจบในที่เดียว คลิกเลย https://ct.elinks.io/vz897UQ0
ham,คุณเติมเงิน 100.0 บาท มียอดคงเหลือ 104.63 บาท ใช้ได้ถึง 26/02/2025 . เช็กยอดเงิน วัน และเน็ตคงเหลือ tmvh.co/check (ไม่เสียเน็ต)
ham,ขอบคุณที่เติมเงิน พิเศษลูกค้าทรู ซื้อคูปอง โอริโอ้ปั่นภูเขาไฟเต่าบิน 39บ.(ปกติ55บ.)เมื่อจ่ายด้วยเงินในซิม กด *900*7809# หรือซื้อที่แอปทรูไอเซอร์วิส https://iservice.page.link/d8gK ถึง 31มีค67
ham,ใหม่! มิกกิ บิ๊กสติ๊กเกอร์  ซื้อเลยที่ LINE STORE จ่ายผ่านเบอร์ทรู https://lin.ee/Un1DneJ/leph
ham,แจกเป็นล้านแค่จ่ายผ่านเบอร์ทรูรับฟรี 2 ทั้ง line point + คูปองเงินสด ที่ https://lin.ee/spz2byl/sknj/store/true
ham,ดูอีสานตุ๊ดซี่ หนังเข้าใหม่ผลงาน ต้าวหยอง ที่ MONOMAX เพียง 89 บ./เดือน กด *336# โทรออก หรือ https://bit.ly/3xJlmHW
ham,Shopee 2.2 เมล็ดกาแฟไทย เพียง 152.- https://shope.ee/3pyLbOS6um
ham,Free Gifts จัดให้ มือถือรุ่นใหม่มาแรง ฟรี! Samsung Galaxy S24 Ultra เฉพาะ 18 ก.พ.67 เล่นฟรี ที่ทรูไอดี คลิก https://ttid.co/ln4U/66dcapwd
ham,ร่วมหาความจริงจากหมู่บ้านสยองขวัญ ใน The Burning Girls ทุกวันศุกร์-เสาร์ 21.00 น. สมัคร TVS Now Standard ที่ทรูไอดี แล้วดูเลยที่ช่อง True Series คลิก https://bit.ly/3Hr9jEw
ham,"ร้านบาจาโฉมใหม่ แสดง SMS นี้ รับส่วนลดเลย 200 บ. เมื่อซื้อ 1,000 บ."
ham,คุณได้รับแต้ม 4 แต้ม (แต้มรวม 18 แต้ม)
ham,โค้ดยืนยัน ZEPETO Studio ของคุณคือ 4040 กรุณากรอกโค้ดยืนยันภายใน 10 นาที
ham,พิเศษเฉพาะคุณ! คูปองลดสูงสุดรวม150.- ใช้กับพิซซ่า1ฟรี1 + รับส่วนลด100.-(ใช้ครั้งถัดไป) โหลดแอปแล้วสั่งเลย! m1b.cc/pwljAGw
ham,OTP=208743 [รหัสอ้างอิง:GR2KZM] เพื่อใช้งานระบบสรรพากร ภายใน 5 นาที
ham,อย่าลืมแวะมาทานไอศกรีมเพลินๆ พร้อมต่อบัตรสมาชิกใหม่ในแอปฯ เพียง 269.- จากปกติ 299.- รับส่วนลด 10% ทันที คลิก https://1112.to/KwLVrV
ham,บัตรสมาชิกของคุณหมดอายุแล้ว ต่อบัตรใหม่ในแอปฯ เพียง 269.- จากปกติ 299.- พร้อมรับส่วนลด 10% ทันที ต่อบัตรเลย https://1112.to/zRB9Z 
ham,พิเศษเฉพาะคุณ! ซื้อ 1 ฟรี 1 ช็อกโกแลต ริง-อะ-ดิง รับฟรี สตรอว์เบอร์รี ไว้ลาย 169.- (ปกติ 338.-) ใช้คูปองเลย! https://1112.to/6l4KG
ham,พิเศษเฉพาะคุณ! ไอศกรีมฟองดู ฟอร์ ทู ลด 30% เพียง 181.- (ปกติ 259.-) เปิดแอปสเวนเซ่นส์แล้วใช้คูปองเลย! https://1112.to/khYMV
ham,มอบคำขอบคุณส่งท้ายปี Bronze รับคูปองส่วนลด 200.- ไอศกรีมเค้ก 3 ปอนด์ เพียง 699.- เฉพาะซื้อที่ร้าน กดใช้เลย! https://1112.to/BagGC 
ham,2023-10-23 16:26:33 แพ็กเกจของคุณ ใช้งานอินเตอร์เน็ตความเร็วสูงสุด หมดแล้ว ซื้อแพ็กเน็ตต่อที่ tmvh.co (คลิกเลย ไม่เสียค่าเน็ต) แนะนำแพ็กเต็มสปีด 1GB เบิ้ลอีก 1GB 1วัน 29 บ. (ไม่รวมVAT) กด *900*8215# โทรออก หรือเลือกแพ็กอื่น คลิก tmvh.co/c183 (ฟรีไม่เสียค่าเน็ต) ต้องการยืมแพ็กเน็ตไปใช้ก่อน กด *829#
ham,ขอบพระคุณท่านเจ้าของรถ 3กด-7456 หากการบริการครั้งนี้มีข้อแนะนำหรือต้องการให้เจ้าหน้าที่ติดต่อกลับแจ้งข้อมูลที่ https://bit.ly/3b13Cfw
ham,หมายเลขคำสั่งซื้อ  #TH230325-84334380  ได้รับการบรรจุเรียบร้อยแล้ว สินค้าจัดส่งภายใน 1-3 วัน นับตั้งแต่ท่านได้รับ SMS ตรวจสอบสถานะสินค้าได้ที่ลิ้งค์  ติดต่อ  https://th.kerryexpress.com/th/track/ โดยใช้เลข Order #7158495531  ในการตรวจสอบวันถัดไปตั้งแต่เวลา 08:00 น.เป็นต้นไป หากติดปัญหาเกี่ยวกับการจัดส่งติดต่อที่ tel.095-8586087 ในวันและเวลาทำการ
ham,ร่วมส่งกำลังใจให้ครอบครัวผู้สูญเสียที่จ.หนองบัวลำภู ผ่านมูลนิธิเส้นด้าย ทรูมันนี่ วอลเล็ท คลิก tmn.app.link/ZENDAIF แลกทรูพอยท์เป็นเงินบริจาค คลิก privilege.trueid.net/merchants/xokrZkvZ3AP0
ham,เพราะสถานการณ์โควิด-19 กลับมาระบาดอีกครั้ง ขอเชิญร่วมบริจาคเพื่อสร้างห้องความดันลบ Semi ICU เพื่อป้องกันบุคคลากรทางกาคแพทย์และผู้ป่วยโควิดกับมูลนิธิชัยพัฒนา คลิก tmn.app.link/CHAIPAT01
ham,เพียง 1 บาท ของคุณครั้งนี้ จะเปลี่ยนชีวิตใครคนหนึ่งไปตลอดกาล ร่วมสมทบทุนให้เด็กผู้มีภาวะปากแหว่งเพดานโหว่ได้รับการผ่าตัด TrueMoney Wallet : https://tmn.app.link/OPERSMIL
ham,เชิญชวนPre Orderหน้ากากผ้าจากธรรมชาติ100% ฝีมือกลุ่มคนเปราะบางบ้านนาหัว จ.สกลนคร รายได้หลังหักค่าใช้จ่ายมอบให้มูลนิธิสร้างรอยยิ้มเพื่อน้องๆผู้มีภาวะปากแหว่งเพดานโหว่ https://lin.ee/r6P0xeD
ham,ขอเชิญอุดหนุนสินค้าจากชุมชน ข้าวหอมมะลินกกระเรียน ข้าวอินทรีย์ สีสดใหม่ วิตามินครบถ้วน หอมหวาน ละมุนลิ้น ช่วยอนุรักษ์สิ่งแวดล้อมและนกกระเรียนพันธุ์ไทย www.thailandpostmart.com/shop/shop3567
ham,อร่อยสไตล์ญี่ปุ่น เมนไทโกะฟิชเบอร์เกอร์ ชุดละ129บ. คลิก bit.ly/3rJYDsJ
ham,ใหม่! แมคข้าวแกงกะหรี่ไก่กรอบ เริ่มต้น 79.- ☎️1711 คลิก bit.ly/McDRice
ham,Quarter Pounder เนื้อใหญ่ขึ้น 2.5 เท่า เพียง 139.- คลิก bit.ly/McDQPC1
ham,พิเศษ! เบอร์เกอร์+ฟรายส์+โค้ก เพียง 139บ. ☎️1711 คลิก bit.ly/139oct1
ham,สั่งเลย🔥 1ชุด แถม 1ชุด ชีสเบอร์เกอร์189บ. ☎️1711 คลิก bit.ly/McDCh01
ham,Flash Sale! 12:00 สมุนไพรจีน บรรเทาปวด https://shope.ee/AUHzr1sTOy
ham,9.9 Shopee แจกโค้ดส่งฟรี 0.- /โค้ดลด 999.- https://shope.ee/q7ab1Ewyn
ham,"Canned Cat food แจกโค้ด ""88PREPT1"" ลดเพิ่ม 50.- https://shp.ee/tpye5wp"
ham,Shopee แจกจัดเต็ม โค้ดลดทันที 888.- https://shp.ee/bc37h6b
ham,คุณได้รับ 1 ทรูพอยท์จากการสแกนจ่าย QR ที่ร้านทรู พอยท์แอนด์เพย์ คะแนนคงเหลือ 156 ทรูพอยท์ 
ham,ส่วนลด ฿150 ไม่มีขั้นต่ำ! สำหรับจ่ายผ่านคนละครึ่งเท่านั้น 💚ใส่โค้ด HALF150 หรือกดเลย 👉 https://bit.ly/HALF150
ham,ต้อนรับปีมังกรกับสุดยอดซีรีส์จีน พากย์ไทยและซับไทยที่ MONOMAX เพียง 89บ./เดือน กด*336# โทรออก หรือ https://bit.ly/3xJLmHW
ham,มีบัตรเติมเงิน300บ.มาแจก! ลุ้นรับ กดเลย *236# สมัครดวงดีมีทรัพย์5บ./ขค
ham,ลุ้นสนุกแจกเป็นล้านรับฟรี 2 ทั้ง line point + คูปองเงินสดแค่จ่ายผ่านเบอร์ทรู ที่ https://lin.ee/spz2byl/sknj/store/true
ham,"รับโชคใหญ่ต้นมีนา หมุนปั๊บรับเฮงแจกทองรวม90รางวัล มูลค่ากว่า450,000บ. มือถือ 7ล้านทรูพอยท์ 23มค67-31มีค67 https://ttid.co/OiLl/win0105"
ham,"AIA ขอมอบประกันชีวิตกับลูกค้าทรู รับ 10,000 บ. เมื่อเสียชีวิตกรณีเจ็บป่วยหรืออุบัติเหตุ คุ้มครองนาน 1 ปี ลงทะเบียนฟรี! https://ct.elinks.io/ZCDowztQ"
ham,พิเศษสำหรับลูกค้าทรู ดูซีรีส์เกาหลีจาก Viu Premium ได้แบบไม่อั้น เพียง 36 บาท/วัน ความเร็ว 4Mbps สมัครกด *900*7437#
ham,แจก!โค้ดพิเศษลดทันที50.-* ใส่โค้ด 'BACK300' ที่โรบินฮู้ด มาร์ท
ham,ขอบคุณที่ชำระค่าไฟฟ้าเดือน 02/2567 คลิก https://smsetax.pea.co.th/QTQMizeX_UyCNg9-D8zkqg
ham,Use 127449 for two-factor authentication on Facebook.
ham,"Your OTP for Secured online payment is 272315 (Ref. Code: NEER).For security reasons, do not disclose this OTP with anyone."
ham,MAKE by KBank จ่ายดอกเบี้ยเงินฝากแล้ว เข้า MAKE เพื่อดูเลย!
ham,"เข้าโรงพยาบาลบ่อยเหมือนบ้านหลังที่ 2? ซื้อนี่เถอะ..ประกันสุขภาพเหมาจ่ายจากAIA คุ้มครองสูงสุด 500,000บ. เบี้ยเริ่มเดือนละ 575บ. ครอบคลุมทั้งผู้ป่วยนอก-ผู้ป่วยใน คลิก https://ct.elinks.io/ow2X1TdE"
ham,อย่าลืม! คุณมีเงินคืน 4.50บ. จะหมดอายุเวลา 06:21น. รีบใช้เงินคืนซื้อแพ็กเกจเสริม เพิ่มสปีดเน็ตคุณ ที่นี่ tmvh.co/382
ham,Shopee 3.3 ครูพี่แอน แจกโค้ดลดสูงสุด 50% https://shope.ee/2q6VKBHoGI (ยกเลิกข่าวสาร เข้าแอปฯ>ฉัน>ตั้งค่าบัญชี>ตั้งค่าการแจ้งเตือน)
ham,คุณได้รับ 3 ทรูพอยท์จากการจ่ายผ่านทรูมันนี่ที่ 7-Eleven คะแนนคงเหลือ 19 ทรูพอยท์ รับฟรีเน็ต10GB/และอีกเพียบ http://bit.ly/3ZOKTw0 เช็คคะแนนกด *999#โทรออก(ฟรี)
ham,KTC จะปรับเพิ่มวงเงินถาวรสำหรับสินเชื่อบัตรกดเงินสดของคุณจาก 300000 เป็น 395500 หากคุณต้องการปรับเพิ่มวงเงิน กรุณากดลิงค์ www.ktc.co.th/offer/pp/yHtgcV เพื่อยืนยันกลับภายใน 16/11/64 (สถานะบัตรต้องปกติตามเงื่อนไขที่กำหนด)
ham,รหัสฟรี WiFi คือ 699112 ชื่อผู้ใช้งานคือ S0648920908
ham,เรียนคุณลูกค้า รถทะเบียน 3กน-789x ภาษีครบกำหนด 19/01/2567 ผ่านแอป ttb touch เมนู My Car (ดาวน์โหลดแอป ttb touch ที่ PlayStore/AppStore) รองรับการชำระผ่านบัญชี ทีทีบี หรือ ติดต่อ ทีทีบี ทุกสาขา สอบถามโทร 1428 กด 2 ขออภัยหากท่านดำเนินการแล้ว
ham,SPayLater 535 บาท ครบกำหนดวันที่ 01-02-2024 ชำระภายในกำหนดเพื่อหลีกเลี่ยงค่าใช้จ่ายเพิ่มเติม สอบถามติดต่อ help@spaylater.in.th
ham,เราเสียใจที่ออเดอร์ของคุณส่งไม่ตรงเวลา รับ ฿30 เพื่อแสดงความขอโทษจากเรา หิวอีกเมื่อไหร่ก็อย่าลืมนึกถึงกันล่ะ!
ham,เมษา ชาวโปรส่งฟรี 15 ครั้ง สูงสุด ฿30 https://bit.ly/3mIpJ0W
ham,"พิเศษสำหรับคุณ เจ้าของรถยนต์โตโยต้าVeloz ซื้อ Smart plan ราคาพิเศษ พร้อมรับของสมมนาคุณมูลค่าสูงสุด 1,000 บาท ได้ที่ศูนย์บริการใกล้บ้าน หรือ https://bit.ly/3jch74h รายละเอียดเพิ่มเติม aftersales.toyota.co.th/promotion/smartplan"
ham,เพื่อรักษาสถานะเซเรเนดของท่านให้รับสิทธิ์ได้อย่างต่อเนื่องเพียงชำระค่าบริการตรงกำหนดหรือสมัครบริการจ่ายบิลอัตโนมัติ ผ่านการหักบัญชี/บัตรเครดิต ผ่านแอปmyAIS ตลอด 24 ชม. คลิก https://m.ais.co.th/autoPay
ham,เที่ยวสนุก ลูกค้าทรูรับส่วนลด 50 บาท บัตรโดยสาร All Day River Pass (จากราคาปกติ 150 บาท) 1ก.ย.66-30พ.ย.66 คลิก https://bit.ly/3ss0CoX
ham,Flash Sale! ประกันเดินทางลดพิเศษทันที 20% เบี้ยเริ่มเพียง 48.-/ทริป เท่านั้น ซื้อเลย! https://www.dtac.co.th/s/3ihLrxH
ham,Your OTP is 926214 (Ref: XMDW) Valid Until 2024-03-08 19:42:46
ham,[Haidilao]The verification code is:150457.
ham,แจก!โค้ดพิเศษลดทันที50.-* ใส่โค้ด 'BACK300' ที่โรบินฮู้ด มาร์ท
ham,Tracking the delivery status of Order ID: E240223-AA-1648 https://express.robinhood.co.th/routesharing/q?id=cb834f0df417a115794da750e0fa676773f5943f977d07f2fb15fb5fe925e827a72ea8e211ecd05034e581
ham,OTP เพื่อทำรายการที่CDM คือ 867506<Ref A1808 >ห้ามบอกOTPแก่ผู้อื่น
ham,Shopee 2.2 danongwon.th ลดสูงสุด 20% https://shope.ee/7Urdy8E9Te
ham,คุณกำลังศึกษาอยู่! กลับไปที่ Spotify เพื่อดำเนินคำซื้อ Premium สำหรับนักศึกษาให้สมบูรณ์ https://sheer.id/QmRY1ygR08 ข้อความนี้เป็นข้อความอัตโนมัติจากบริษัท SheerID คุณแจ้งรับข้อความนี้ และคุณจะไม่ได้รับข้อความใดๆ เพิ่มเติมอีก
ham,Lazada:ห้ามแชร์ OTP สำหรับเข้าสู่ระบบของคุณคือ 731356 nx63pbKtNZ2
ham,จองบริการภายใน 31 ธ.ค.นี้ รับฟรี! เครื่องรางเต่าทองมงคลเรียกทรัพย์
ham,AirAsia: 237659 is your OTP to log in to your airasia Member account. It'll expire in 5 minutes.
ham,คิดถึงกันไหม? 9.9 Sale ลดทั้งแอปฯ ดีลเริ่มต้น ฿9 สายนวด สายบิวตี้ ห้ามพลาด 9 ก.ย. นี้เท่านั้น! ช้อปเลย> https://gowabi.onelink.me/SoW2/zf4feqv6
ham,"ดีลสปา ความงาม เริ่มต้น ฿7 | 25 มิ.ย. เท่านั้น! 7th Birthday Sale 95%OFF +แจกCODE ลดถึง ฿5,000 ช้อปด่วน> https://gowabi.onelink.me/SoW2/c9g1k1rq"
ham,[Airbnb] Your Mapo-gu reservation is confirmed. Get all the details in your Trips tab. https://air.tl/tB3WeCIl
ham,"Hello K Mew, Good evening. We just wanted to see one last time if we can help you complete your order. Your cart with 2 items is ready to order in just one tap. Simply tap on https://rollingpinn.com/?sms to complete your order at The Rolling Pinn Hope you enjoy our products! Thank you again for you interest, and we wish you a lovely evening. Xoxo,The Rolling Pinn team"
ham,เพียงแอดไลน์ @TNN24 เท่านี้ก็ไม่ตกเทรนด์ ติดตามอัพเดตข่าวสารได้จากเราได้ทุกวัน https://line.me/R/ti/p/%40tnn24
ham,เกาะติดข่าวเด่นทุกวัน ทาง TNN24 ช่อง16 และดูย้อนหลังได้ทาง http://bit.ly/2N6i63X
ham,ทันทุกประตู ดูทุกคลิปสำคัญบอลโลกรอบ 16 ทีมก่อนใครได้ที่ www.tnnthailand.com ;Add friend https://line.me/R/ti/p/%40tnn24
ham,ขอเชิญลงทะเบียนกิจกรรม Bike อุ่นไอรัก ได้ที่ www.bikeunairak2018.com หรือทุกเขตในกทม.และศาลากลางทุกจังหวัด โดยมีเสื้อและของพระราชทานสำหรับทุกท่าน/สอบถามโทร 1111
ham,มูลนิธิสมเด็จพระญาณสังวรฯ ขอเชิญร่วมบุญ ๑๐๐ บาท ก้าวด้วยธรรมเพื่อ ๑๗ โรงพยาบาล โดยกด*948*1719*100#โทรออก
ham,รพ.ศิริราชเชิญร่วมทำบุญเทศน์มหาชาติเฉลิมพระเกียรติฯ 21-24เม.ย.62 ผ่าน *984*100# โทรออก(บริจาค100บ.) รายได้สมทบทุนสมเด็จพระนางเจ้าสิริกิติ์ รักษาพระภิกษุ สามเณรอาพาธ เพิ่มเติม bit.ly/si_mahidol
ham,4-6 พ.ค. ขอเชิญร่วมเป็นส่วนหนึ่งในประวัติศาสตร์พระราชพิธีบรมราชภิเษกในหลวงรัชกาลที่ 10 รายละเอียดเพิ่มเติม Line official:@nbtc/www.phralan.in.th
ham,สำนักงาน กสทช. ขอเชิญท่านเข้าร่วมประมูลเบอร์สวย ครั้งที่1/2562 วันที่ 26ม.ค.62 เพิ่มเติม http://auction.nbtc.go.th หรือโทร 1200
ham,ชำระหนี้ กยศ/กรอ ปิดบัญชีลดเบี้ยปรับ 85% วันนี้ถึง 31 พ.ค.62 เท่านั้น
ham,ไม่ต้องไปธนาคารอยู่บ้านลงทะเบียนเยียวยาทาง www.เราไม่ทิ้งกัน.com เริ่ม28มี.ค.63 18:00​น.โทร 021111144 อยู่บ้านหยุดเชื้อเพื่อชาติ
ham,ติดตามข่าวศูนย์บริหารสถานการณ์ COVID-19 ที่ www.thaigov.go.th และ www.facebook.com/informationcovid19/ สายด่วนโทร 1111 หรือ 1422
ham,Netflix - อีกเพียงสามขั้นตอนเท่านั้น ลงทะเบียนตามขั้นตอนให้เสร็จที่นี่ netflix.com/tv?code=nsccyc
ham,"กิจกรรม Click2Win ที่ท่านได้ทดลองเล่น ท่านทำการส่งคำสั่งซื้อขายเกิน 5 ครั้งแล้ว ซึ่งผ่านเกณฑ์เงื่อนไขการรับรางวัลเบื้องต้น แต่ท่านยังไม่ได้ระบุจังหวัดในฐานข้อมูล เพื่อใช้ในการรับรางวัลแบบภูมิภาค
ท่านสามารถระบุจังหวัดเพื่อทำตามเงื่อนไขให้ครบถ้วนที่  https://bit.ly/3fH328l รายละเอียดเพิ่มเติมคลิก https://bit.ly/2NiIbvg"
ham,"30สิทธิ์ BoostUP ติวเฉลย 9สามัญปี63 เหมาทุกวิชา1,290บ. จอง 092-3330038"
ham,7ต.ค. วันมะเร็งเต้านมโลก ภัยเงียบอันดับ 1 ของหญิงไทย ยิ่งตรวจไว ยิ่งรักษาได้เร็ว ตรวจเต้านมด้วยตัวเอง : campaign.thanyarak.or.th
ham,ร่วมปันน้ำใจ ช่วยผู้ประสบภัยน้ำท่วม สมทบทุนมูลนิธิอาสาเพื่อนพึ่ง (ภาฯ) ยามยาก สภากาชาดไทย บริจาค100บ. กด*948*9078*100# โทรออก หรือคลิก https://tmn.app.link/FRIENDPA1
ham,คุณลงทะเบียนสำเร็จ ทำการยืนยันตัวตนเพื่อเริ่มเทรดกับซิปเม็กซ์Complete your KYC to get started with Zipmexhttps://zipmex.app/udUPP
ham,เราต้องการความช่วยเหลือของคุณ! กรุณาตอบแบบสอบถาม และรับไปเลย 50 ทรูพอยท์ สำหรับเวลาของคุณ https://ct.elinks.io/prNk5u2d
ham,"อีกไม่กี่ขั้นตอน! ยืนยันตัวตนผ่านรับบิตคอยน์มูลค่า 200 บาท
One last step! Complete KYC, get 200 THB in BTC
https://zipmex.app/uekjE"
ham,"ขอบคุณที่ชำระค่าบริการ ทรูมูฟ เอช หมายเลขบริการ 0612345675 รหัสลูกค้า 229234456วันที่ 07/03/2565 จำนวน 732.97 บาท เปิดดูหรือบันทึก ใบเสร็จรับเงิน/ใบกำกับภาษีอิเล็กทรอนิกส์ คลิก https://e.truecorp.co.th/q/nIRCxT

รหัสผ่านของคุณ คือ 29234765"
ham,ประกาศปิดเมืองกรุงเทพ รวมพลังนักล่าในปรากฎการณ์ ปิดเมืองล่าหาไอเท็มเด็ด! พบไอเท็มให้ล่าไม่ซ้ำทุกสัปดาห์ ถึงแสนรายการ ที่โลตัสทุกสาขาทั่วกรุงวันนี้ -16 พ.ค.65 คลิก: https://ct.elinks.io/1mV4nGXB
ham,OnDemand ชวนปาร์ตี้แสดงความยินดี #เด็ก 65 สอบติดมหาลัย  เสาร์ที่ 2 ก.ค. 65 ที่ออนดีมานด์ MBK ชั้น 5 คลิก https://bit.ly/3zFGykE
ham,โปรเด็ด! ซื้อคู่ถูกกว่า ข้าวสวยหอมมะลิ 2 ถ้วย เพียง 25.- ถึง 23 ม.ค. 66 สั่งเลย! > i.cplry.com/MzQ0ODMzOTkrMQ
ham,เก็บโค้ด Shopee ต้อนรับวัน VLT https://ct.elinks.io/3Sh6ZmKa
ham,ขณะนี้บัตร M Pass เลข 4 ตัวท้าย 7853 ของท่านถึงกำหนดชำระแล้ว สามารถทำการชำระได้ที่ https://bit.ly/3ovGpJW (ลิ้งค์สามารถทำรายการได้ภายใน 10 วัน นับจากที่ได้รับ) บัตรM Passสามารถใช้งานได้หลังทำการชำระโดยสมบูรณ์แล้ว 30นาที ขออภัยหากท่านทำการชำระเงินแล้ว
ham,เจ็บคอ แสบจมูก ปวดหัว เป็นไข้ หายใจลำบาก มีเสมหะ ใช้แอปฯ หมอดี เคลมประกันได้ทันที ส่งยาถึงบ้าน โหลดเลย! https://ct.elinks.io/Lq6WboXD
ham,ทรูปลูกปัญญา ชวนมารับประทานข้าวหอมดอกมะลิอินทรีย์ ข้าวมะลินิลอินทรีย์ ข้าวคุณภาพดี ที่โครงการ “โฮมกันมาทำนา” รายละเอียดเพิ่มเติม คลิก https://lin.ee/17uRc5h
ham,"แจกคูปองลดถึง 3,000บ. ช้อปด่วน คลิก https://ct.elinks.io/OYns3n6E"
ham,ขอบคุณที่เลือกใช้ NARS หวังว่าคุณจะสนุกและหลงรักผลิตภัณฑ์ของเรา ค้นหาข้อมูลเพิ่มเติมเกี่ยวกับผลิตภัณฑ์ได้ที่ https://bit.ly/NARS-exclusive หรือที่เคาน์เตอร์ NARS ทุกสาขา
ham,กรุณาใช้รหัสผ่าน 777409 สำหรับลงทะเบียน รหัสอ้างอิง VMJF โปรดทำรายการภายใน 3 นาที
ham,True Special เติมเกมผ่าน Game Up โปรหน้าร้อนนี้ รับส่วนลด 10% ไม่จำกัดจำนวนลดสูงสุด กรอกโค้ด APALL10 เติมเลยที่ https://bit.ly/3JJOV3g
ham,ลูกค้าทรูแบล็ค ทรูเรด ใช้เพียง 199 ทรูพอยท์ แลกรับส่วนลด 100บ. ที่ Central Department Store 1มีค67-31พค67 คลิก https://bit.ly/3SCXct2
ham,577691 คือรหัสยืนยัน YouTube ของคุณ
ham,ถึงหลายสิ่งจะเปลี่ยนไป เซเรเนดคงความพิเศษให้การใช้ชีวิตของคุณพิมพ์ ฟรี! อัพไซส์เครื่องดื่ม 7 ร้านดังคลิก https://m.ais.co.th/SUE
ham,ต้องการยืมเงินค่าโทร 50 บ. กด *827*1# ระบบจะหักยอดยืม 57 บ. (รวมค่าบริการ) เมื่อคุณเติมเงินครั้งถัดไป
ham,ป้องกันเบอร์มิจฉาชีพด้วย Whoscall พรีเมียม พิเศษ! ใช้ฟรี60วัน ถัดไปเดือนละ49บ(ปกติ59บ) เมื่อจ่ายด้วยเบอร์ทรู https://bit.ly/3S3tU6w
ham,TrueSpecial สงกรานต์นี้เตรียมเฮ รับฟรีส่วนลดในการเติมเกมผ่าน GamingNation 30บ. เพียงซื้อแพ็กเสริมเน็ต 5GB 7วัน เพียง 99บ. พร้อมเล่น Rov และอีก 3 เกมดังจาก Garena ไม่อั้น กด*900*3*7106*00070004#โทรออก
ham,True Special เติมเกมผ่าน Game Up โปรหน้าร้อนนี้ รับส่วนลด 10% ไม่จำกัดจำนวนลดสูงสุด กรอกโค้ด APALL10 เติมเลยที่ https://bit.ly/3JJOV3g
ham,ดีลร้อนแรง! รับสงกรานต์ สาดเน็ตคุ้ม ใช้ 9 ทรูพอยท์ แลกเน็ต 5GB 1 วัน (เติมเงินและรายเดือน) 8-21 เม.ย.67 https://ttid.co/OiLl/skvas01
ham,ลดหนักอร่อยมาก@KAGONOYA บุฟเฟ่ต์ชาบูพรีเมียมสไตล์ญี่ปุ่นลด50%ท่านที่2เมื่อทานคอร์ส749++ ขึ้นไป 19กพ67-30เม.ย.67 https://bit.ly/49HVjCq
ham,True Special สงกรานต์นี้เตรียมเฮ รับฟรีส่วนลดในการเติมเกม บน GamingNation 100 บ. เพียงซื้อแพ็กเน็ต 10GB 30วัน เพียง 200 บ. พร้อมเล่น Rov และอีก 3 เกมดังจาก Garena ไม่อั้น กด*900*7106*00070004#โทรออก
ham,เพียงสะสมค่าโทรครบ 10 บาทภายในวันที่ 18/04/2024  (ไม่รวมการซื้อและใช้งานแพ็กเกจเสริม) รับโบนัสเงินคืน 5 บาท ใช้โทรทรูมูฟเอช เน็ต และ SMS นาน 2 วัน (สิทธิพิเศษนี้สำหรับลูกค้าที่ได้รับ SMS เท่านั้น)
ham,จยย.ท่านมีความคุ้มครองแล้ว @ไลน์https://rvp.co/LineiRVP ลุ้นรางวัล
ham,ดีลพิเศษเฉพาะคุณ! ลดทันที 25.- เมื่อช้อปครบ 250.- ที่ บิ๊กซี มินิ ทุกสาขา 5-11 เม.ย.67 คลิก bit.ly/3VKg9Nr
ham,ดีลลับเฉพาะคุณรับส่วนลด 30.- เมื่อซื้อไมโล 3in1 แอคทิฟ-โก แพ็ค13 รสชาติใดก็ได้ 2 ถุง แจ้งโค๊ดนี้เมื่อชำระเงิน *90924053750969646 หรือคลิก https://bigpoint.bigc.co.th/th/coupon/NTk2NXw4MzgxMTY1MTgwNjQ2OTY5MDU3MzUwNDI5MDkq
ham,รวมเกมมือถือเล่นเพลินกว่า 300 เกม จาก Ludigames ฟรี! คลิกเลย https://www.dtac.co.th/s/Ludigames
ham,ยินดีด้วยค่ะ คุณได้รับ 245 คอยน์จากการซื้อโปรเสริม ใช้คอยน์แลกเน็ต/โทรฟรี และส่วนลดมากมายได้บนดีแทคแอป คลิกเลย https://www.dtac.co.th/s/PPC
ham,เฮงรับปีมังกร ช้อปชุดไหว้เจ้าและสินค้าตรุษจีน คุ้มจริงประหยัดจริง ที่บิ๊กซี วันนี้-10ก.พ.67 ดูแคตตาล็อกตรุษจีนคลิก bit.ly/3vPjrnC
ham,ช่วยน้องตัวดีหาของหน่อยนะ ช่วยสำเร็จรับเลย 30 Coins! เปิด ดีแทค แอป แล้วเล่นเลยยย https://s.dtac.co.th/TDOR/pmnaj7d9
ham,มาพักเบรค ชาร์จพลัง รับความหวานเจี๊ยบ ไปกับเกม ตัวดี..หวานเจี๊ยบ ชนะเกมรับเลย 30 coins!เล่นเลยย https://s.dtac.co.th/TDOR/s9b9lkex
ham,ช้าอด! แค่ 9 คอยน์ ลุ้นรถ Honda City มือถือ Samsung แลกเน็ตฟรี โทรฟรี ถึง 31 ธค 64 ที่ดีแทคแอป คลิก https://www.dtac.co.th/s/rwc2
ham,"จากประสบการณ์การใช้งานบนเครือข่ายดีแทค ท่านพอใจและจะแนะนำให้เพื่อนและครอบครัวมาใช้ดีแทคมากน้อยเพียงใด โดยพิมพ์ให้คะแนนตั้งแต่ 0 ถึง 10 (0=ไม่พอใจอย่างยิ่ง, 10=พอใจอย่างยิ่ง) และส่งกลับ (ฟรีค่าบริการ)"
ham,ลุ้นมูเตลูที่ฮ่องกงกับอ.ช้าง! แค่สมัครเคล็ดเสริมชะตา กด*471*49#(3บ/ขค)
ham,เพลงฮิต! บรรเทา-Mew Suppasit รับเพลงจากแกรมมี่ แค่กด *471*10# (5บ./ขค)
ham,เกมท้าทายคำถามความรู้ ทุกที่ทุกเวลา สมัครเลยกด*462*76# โทรออก (5บ./ขค)
ham,ดูแลอย่างd! ซื้อ1ฟรี1 หรือ อัพไซส์ฟรี! ที่ KOI The / Swensens และ SF Cinema 14-28ก.พ.นี้ กดเลย https://www.dtac.co.th/s/vdf23
ham,ใช้เพียง 19 dtac reward coins รับส่วนลดสูงสุด40.- ที่ McDonalds /ลูกค้าเติมเงิน เล่นแอปเอ็นเตอร์เทนเม้นท์ไม่อั้น 4Mbps 24ชม./ ทุกศุกร์ เสาร์ อาทิตย์ ตลอดกุมภาพันธ์ 2566 คลิก! https://www.dtac.co.th/s/hffeb23
ham,ฟรีค่าบริการเดือนแรก เพลง Stand by หล่อ กด*119*42#(29บ/พ)(เดือนถัดไป35บ)ถึง16กพ.66 เพลงฮิตอื่นๆ https://www.dtac.co.th/s/RBTFB
ham,รับภาพปฏิทินดาราสุดฮอต ! พร้อมลุ้นรถลุ้นทอง สมัครกด*487*85# (3บ/วัน)
ham,คุ้มเกินคุ้ม! ลุ้นขับรถกระบะISUZUและดูหนังฟรี7วัน กด*487*32# (6บ/วัน)
ham,ให้dtac Safeปกป้องคุณตลอดปี ป้องกันภัยจากเว็บปลอม เพียง289บ./ปี แถมรับคูปองStarbucks100บ.ฟรี กดhttps://s.dtac.co.th/TDOR/5vpjb7sl
ham,ท่องแล้วปัง! เผยเคล็ดเรียกเงินเน้นๆ กด*487*54# สมัครดวงดีมีโชค 3บ/ขค
ham,เตรียมเฮ! เทคนิคเสริมดวงให้พรุ่งปรี๊ด กดเลย *487*54# สมัครดวงเฮง 3บ/ขค
ham,เที่ยวต่างประเทศสบายใจ ไม่ต้องเปลี่ยนซิม กับแพ็กเสริมเน็ตต่างประเทศ GO Travel เริ่มต้น 99บ. พิเศษ!รับส่วนลด 30% ทุกแผนประกันเดินทางแค่ใส่โค้ด gotravel ที่ดีแทค ดีชัวรันส์ s.dtac.co.th/TDOR/c6628575
ham,สมัครวันนี้ ย้ายมาหาเรา ฝาก 500 บาท รับเพิ่มอีก 750 บาท ลุ้นรับโปรทุกวัน https://sag234.com  มีให้เล่น20ค่าย ไม่ต้องโยกเครดิต เปิดมา4ปี การันตรี สิบล้านจ่ายมาแล้ว สมัครวันนี้ ย้ายมาหาเรา ฝาก 500 บาท รับเพิ่มอีก 750 บาท ลุ้นรับโปรทุกวัน https://sag234.com  มีให้เล่น20ค่าย ไม่ต้องโยกเครดิต เปิดมา4ปี การันตรี สิบล้านจ่ายมาแล้ว
ham,Viral News แหล่งรวมคลิปความบันเทิงมากมาย กดสมัคร *439*30#โทรออก
ham,ท่านสามารถดูนโยบายข้อมูลส่วนบุคคลได้ที่ https://www.pea.co.th/peapdpa
ham,เล่นกีฬาไหนก็ปลอดภัย ด้วยประกันอุบัติเหตุจาก AXA เบี้ยต่ำ เริ่ม 31 บ. คุ้มครองหลักแสน+ชดเชยรายได้ https://www.dtac.co.th/s/5snh9zp
ham,ฉ่ำ! รับสงกรานต์ เน็ต 44GB+ฟรี FB/Line/X/IG เพียง 119บ/7วัน(ก่อนVAT) โทร*104*698# หรือคลิก www.dtac.co.th/s/456th ถึง 31พ.ค.67
ham,ครบรอบ 22 ปี 11 เดือนที่อยู่ด้วยกัน รับฟรีเน็ต 10GB เดือนละครั้ง ทุกวันที่ 13 ในดีแทคแอป คลิก www.dtac.co.th/s/AOU (ภายใน 7 วัน)
ham,ประกันอุบัติเหตุเบี้ยเริ่มวันละ 2บ. คุ้มครองหลักแสน ใส่โค้ด PA50 พิเศษ! ลดเพิ่ม 50บ. คุ้ม! ที่ดีชัวรันส์ https://www.dtac.co.th/s/DSPA
ham,ฉลองปีใหม่ไทย! เพียงแสดงSMSนี้ที่ร้านดีแทค รับทันที 500บาท ใช้เป็นส่วนลดซื้อมือถือ 5G พร้อมแพ็กรายเดือน รับสิทธิ์ภายใน 16 เม.ย.67
ham,คุ้ม!ซื้อคูปองตั๋วหนังSF ที่นั่งดีลักซ์149บ/ใบเมื่อจ่ายด้วยเงินในซิมdtac-30มิย โทร*900*7812#หรือ https://www.dtac.co.th/s/SgCsCzB
ham,สาดสุขฉ่ำต้อนรับสงกรานต์ รับฟรี 30 coins เพียงโหลดและเปิดใช้งาน ดีแทคแอป ครั้งแรก โหลดเลย https://s.dtac.co.th/TDOR/80lgfvnb
ham,ดีลลับเฉพาะคุณรับส่วนลด 30.- เมื่อซื้อไมโล 3in1 แอคทิฟ-โก แพ็ค13 รสชาติใดก็ได้ 2 ถุง แจ้งโค๊ดนี้เมื่อชำระเงิน *90924053750969646 หรือคลิก https://bigpoint.bigc.co.th/th/coupon/NTk2NXw4MzgxMTY1MTgwNjQ2OTY5MDU3MzUwNDI5MDkq
ham,ขอบคุณในการช้อปปิ้งที่บิ๊กซี ลุ้นช้อปฟรี 500 บาท เพียงตอบแบบสอบถาม คลิก https://s1.tellbigc.co/BrGXPwhnw1j8
ham,บิ๊กซีเพลสสระบุรีเปิดสาขาใหม่เอาใจคนรักสุนัขและแมว พาน้องๆมาเที่ยวได้ พร้อมสุขไปกันใหญ่กับบิ๊กพอยต์แต้มความสุข 1 บิ๊กพอยต์มีค่า 1 บาท แลกส่วนลดสูงสุด500.-วันที่ 17-19พ.ย.66เพิ่มเติมคลิ๊ก bit.ly/3FOAVCz
ham,"พิเศษเฉพาะคุณ! รับส่วนลดทันที 150 บาท เมื่อซื้อสินค้าครบ 1,500 บาทขึ้นไปที่บิ๊กซีทุกสาขา และรับส่วนลดทันที 20 บาทเมื่อซื้อสินค้าครบ 200 บาทเฉพาะที่บิ๊กซีมินิทุกสาขา ตั้งแต่ 10-12 ธ.ค. 64 เงื่อนไขเพิ่มเติมคลิ๊ก bit.ly/3puczpg"
ham,รหัสสำหรับ การสมัคร LazPayLater คือ 911756 nx63pbKtNZ2
ham,เตือน!!มิจฉาชีพอ้างเป็นแอดไวซ์ ให้ส่วนลด กดลิงค์ปลอม! ดูดเงิน
ham,ใช้ dtac Safe ฟรี 1 เดือน ป้องกันเว็บหลอกลวง เว็ปปลอม แถมรับ 100 coins ฟรี กด *493*1#
ham,ให้ dtac Safe ปกป้องคุณตลอดปีหน้า ป้องกันเว็บหลอกลวง แถมรับ e-Coupon Starbucks 100 บ. ฟรี กด *493*2#
ham,TRUE X KAGONOYA ชาบูบุฟเฟต์พรีเมียมต้นตำรับโอซาก้า ลูกค้าทรูมา2 จ่ายท่านที่2แค่50% เมื่อทานคอร์ส749++ @เซ็นทรัลเวสต์เกต ชั้น3 19กพ67-30เมย67 https://ttid.co/OiLl/kgnywg
ham,ช้อปเมื่อย เดินเรื่อยมาพักมาอิ่มที่ Central Food Park ลูกค้าทรูใช้เริ่มเพียง 19 ทรูพอยท์ ลด หรือแลกฟรี มื้อไหนก็คุ้มค่า 1ม.ค.67-31ธ.ค.67 รับสิทธิ์ที่ https://bit.ly/3vHHs0g
ham,โทรให้ฉ่ำ ดับร้อน โทร 300 นาที 199บาท 30วัน และยังมีแพ็กอื่นให้เลือก คลิก https://dtac.co.th/s/CMTVCF6
ham,คุ้มยิ่งกว่าคุ้ม! เติมเน็ตเต็มสปีด 10GB นาน 30วัน เพียง 200บ. แถมฟรี! คูปองแมคโดนัลด์ 200บ. กด104170# คลิก www.dtac.co.th/s/RTFBMCD
ham,แพ็กเสริม GO Travel (เอเชียและออสเตรเลีย) 399 บาท/7 GB/10 วัน ของคุณกำลังจะหมดอายุในอีก 2 ชั่วโมง พิเศษ! แพ็กเสริม GO Travel (เอเชียและออสเตรเลีย) 1 GB 1 วัน 79 บาท (ไม่รวม VAT) กดโทร 104731# หรือแพ็กอื่นๆ http://dtac.co.th/s/GOBTL1
ham,ถ้าไม่ต้องการใช้งาน สามารถปิด data roaming กดโทร 1243# เพื่อป้องกันค่าใช้จ่ายส่วนเกิน
ham,สงกรานต์นี้มีกันแดดหรือยัง  Bootsแจกส่วนลด 100.-* สั่งที่โรบินฮู้ดมาร์ท
ham,พิเศษ! ซื้อประกันเดินทางผ่าน ดีชัวรันส์ รับส่วนลด 15%ทันที ไม่มีขั่นต่ำ กรอกโค้ด Trip15  https://www.dtac.co.th/s/ITAq67m
ham,21 เม.ย. แจกฟรี! Samsung Galaxy S24 Ultra รุ่นใหม่ล่าสุด ฟีเจอร์โดดเด่น แจกทองรัวๆ จันทร์-ศุกร์ 1-30เม.ย.67 https://ttid.co/OiLl/fg8
ham,ดูหนังฟรี หรือคูปอง Mc Donald's ฟรี เลือกได้เลย! แพ็กเสริมเน็ต UP2U ที่คุ้มยิ่งกว่าคุ้ม เล่นเน็ตแรงเต็มสปีด พร้อมเลือกรับสิทธิพิเศษฟรีทุกเดือน เริ่มต้นเพียง 129 บาท เลือกเลย คลิก! tmvh.co/c299
ham,"เอไอเอห่วงใยคุณ ขอมอบสิทธิพิเศษให้ลูกค้าทรู รับฟรี! ประกันอุบัติเหตุ AIA จาก Alive สูงสุด 100,000บาท และค่ารักษาพยาบาลสูงสุด 5,000บ. ด่วนจำนวนจำกัด คลิกเลย! https://ct.elinks.io/tq31bvi_"
ham,ไม่พลาดหนังเด่น กีฬาดังบน แพ็กทรูวิชั่นส์ นาว Lifestyle บนทรู ไอดี เพียง 399 บาท/เดือน ฟรีเน็ต2GB ต่ออายุอัตโนมัติกด 9007538# หรือ https://iservice.page.link/HcCR
ham,Your Online Direct Debit Registration for True Money Wallet is successful. สมัครบริการ Online Direct Debit สำหรับจ่าย True Money Wallet สำเร็จ
ham,อย่าพลาด ส่วนลดรวม 300.-* ใส่โค้ด'ALL300' ที่โรบินฮู้ดมาร์ท
ham,974679 is your verification code for  MakroPro - แอปเพื่อผู้ประกอบการ.
ham,เที่ยวหยุดยาวอย่างสบายใจ ไร้กังวลโรคหัดระบาด เพียงสมัครประกันเดินทางต่างประเทศ รับส่วนลด 5% เมื่อกรอกโค้ด SUMMER67 เริ่ม 1 มี.ค. - 31 พ.ค. 67 สอบถามโทร 1314 สนใจ คลิก https://scbprotect.scb/lrEs-
ham,ลดถึง90% รีบช้อปดีลเด็ดแบรนด์ดังที่ https://ct.elinks.io/c1T-OcFX
ham,TrueX Brand Day ลดแรง 10 วันเท่านั้น!! ห้ามพลาด!! คลิกเลย!! https://ct.elinks.io/1mz4KmZL
ham,ลุ้นรับเครื่องฟอกอากาศ Xiaomi กรองฝุ่น PM2.5 ฟรี! เพียงพบหมอ+สั่งยา ผ่านแอปฯ หมอดี ภายใน 31 มี.ค. 67 สนใจคลิก https://ct.elinks.io/ErzP9OMq
ham,2024-04-21 15:29:42 แพ็กเกจของคุณ ใช้งานอินเตอร์เน็ตความเร็วสูงสุด หมดแล้ว ซื้อแพ็กเน็ตต่อที่ tmvh.co (คลิกเลย ไม่เสียค่าเน็ต) แนะนำแพ็กเต็มสปีด 1GB เบิ้ลอีก 1GB 1วัน 29 บ. (ไม่รวมVAT) กด *900*8215# โทรออก หรือเลือกแพ็กอื่น คลิก tmvh.co/c183 (ฟรีไม่เสียค่าเน็ต) ต้องการยืมแพ็กเน็ตไปใช้ก่อน กด *829#
ham,คุณเติมเงิน 10.0 บาท มียอดคงเหลือ 11.54 บาท ใช้ได้ถึง 20/04/2025 . เช็กยอดเงิน วัน และเน็ตคงเหลือ tmvh.co/check (ไม่เสียเน็ต)
ham,"Order No: A41096
จัดส่งสินค้า เรียบร้อยแล้ว ขอบคุณที่ใช้บริการ TTP CARGO"
ham,"Order No: A41096
สินค้าถึงโกดังไทยแล้ว รอการชำระเงินค่าขนส่ง 690 บาท"
ham,"Order No: A41096
ท่านได้ทำการชำระเงินแล้ว จำนวน4,218.11 บาท"
ham,493132 คือรหัส Shop ของคุณ
ham,OTP=833033 [รหัสอ้างอิง:D2DTEO] เพื่อใช้งานระบบสรรพากร ภายใน 5 นาที
ham,เพิ่มวันใช้งานได้ง่ายๆ ด้วยบริการเพิ่มวันทันใจ • เพิ่ม 30 วัน 3บ. กด *934*30# • เพิ่ม 90 วัน 9บ. กด *934*90# • เพิ่ม 180 วัน 15บ. กด *934*180# หรือ เพิ่มวันผ่านแอป True iService คลิก https://bit.ly/3Oi3nRV
ham,รหัส OTP ของคุณ คือ 605995 Ref : EPYV ใช้ได้ถึง 12/03/2024 เวลา 08:33
ham,แจกรัวไม่กลัวร้อน หมุนวงล้อแจกทองรวมกว่า100รางวัล สมาร์ทโฟนSamsungตัวท็อป 7.5ล้านทรูพอยท์ 18เมย67-30มิย67 https://ttid.co/OiLl/iswapr3
ham,ซัมเมอร์นี้ กดรับฟรี 10 ทรูพอยท์ ไว้เล่นโซเชียล หรือสนุกกับคอนเทนต์ดีๆ ที่แอปทรูไอดี  1-30เม.ย.67 https://ttid.co/OiLl/songk10
ham,21 เม.ย. แจกฟรี! Samsung Galaxy S24 Ultra รุ่นใหม่ล่าสุด ฟีเจอร์โดดเด่น แจกทองรัวๆ จันทร์-ศุกร์ 1-30เม.ย.67 https://ttid.co/OiLl/f5
ham,สายบุญห้ามพลาด! ร่วมบริจาคเงินให้กับ มูลนิธิและองค์กรการกุศล ผ่านแอปพลิเคชัน TrueMoney Wallet 25ก.พ.66-31ม.ค.68 https://bit.ly/3IQ7Jxn
ham,คุณสามารถใช้สิทธิ์ TrueBonus เน็ตฟรี 24ชม ประหยัด 19.- หลังจากได้รับ SMS ยืนยันการทำรายการค่ะ
ham,2 อาทิตย์สุดท้าย รีบกดสะสมฟรี 10 ทรูพอยท์ ไปสนุกต่อที่แอปทรูไอดี 1เม.ย.67-30เม.ย.67 https://ttid.co/OiLl/songk13
ham,สุขไม่อั้น 1 วัน ใช้แค่ 9 ทรูพอยท์ แลกเน็ต ไว้ดูหนังดัง ซีรีส์โดน ละครเด่น 1มค67-31ธค67 https://ttid.co/OiLl/utd01
ham,MPass Student อัปเกรดชม IMAX3D ที่เอสพลานาด-แคราย เริ่มต้นเพียง 80 บาท
ham,"แอป T-Connect โฉมใหม่ ใช้ได้ทุกรุ่น พิเศษ! รับคะแนน The1 สูงสุด 1,000 คะแนน วันนี้ถึง 30 เม.ย. 67*

บริษัท โตโยต้า มอเตอร์ ประเทศไทย เชิญชวนสมัคร T-Connect เพื่อรับบริการ อาทิ เช็กประวัติงานซ่อมย้อนหลัง, Find My Car, SOS 24 ชม., ALIVE-X โปรแกรมสะสมคะแนนร่วมกับ The1 แลกเป็นส่วนลดที่ศูนย์บริการ และอื่นๆ 

ศึกษาวิธีการลงทะเบียน https://rb.gy/1nr2jk
สอบถามโทร 1486

*เงื่อนไขเป็นไปตามบริษัทฯ กำหนด"
ham,"ประกันสุขภาพเหมาจ่าย AIA Health Saver คุ้มครองสูงสุด 500,000 บ. ค่าเบี้ยเบาๆ เริ่มเดือนละ 575 บ. ไม่ต้องสำรองจ่าย คุ้มกว่าที่เคยเจอ สนใจดูข้อมูล คลิก! https://ct.elinks.io/rDADlIng"
ham,ดูหนังรักโรแมนติกนำแสดงโดย ตู่ ภพธร ใน See you again ที่ MONOMAX เพียง 89 บ./เดือน กด *336# โทรออก หรือ https://bit.ly/3xJlmHW
ham,สวัสดีปีใหม่ 2567 ขออวยพรให้ท่านประสบความสำเร็จในทุกๆสิ่ง มีความสุขสุขภาพแข็งแรง ก้าวหน้าในหน้าที่การงาน มีความเจริญรุ่งเรืองสัมฤทธิ์ผลในสิ่งอันพึงปรารถนาทุกประการ คลิก y2u.be/Tft7zijBuBA
ham,[Lemon8] 125949 คือรหัสยืนยันของคุณ
ham,ด่วน! โปรดสแกนใบหน้าในแอป Shopee กด Me (ฉัน) > ShopeePay ภายใน31ธ.ค.66
ham,แจกทองทุกวัน ตลอดเดือนกรกฎาคม อย่าลืม!! วันอาทิตย์ แจกทอง 1 บาท 1ก.ค.66-31ก.ค.66 ที่FreeGifts คลิกเลย https://ttid.co/OiLl/fg1
ham,ต้องการยืมเงินค่าโทร 25 บ. กด *827*1# (ค่าบริการ 5 บ.) หรือยืม 40 บ. กด *827*2# (ค่าบริการ 6 บ.) ระบบจะหักยอดยืมและค่าบริการเมื่อคุณเติมเงินครั้งถัดไป
ham,"True x Shopee 12.12 Birthday Sale ถูกสุดแห่งปี แจกโค้ดเงินคืน 100% โค้ดส่วนลด 2,000.- คลิก https://ct.elinks.io/keMuJcTa"
ham,พิเศษเฉพาะลูกค้าทรู รับส่วนลด 20 บาท สำหรับช้อปสินค้าแบรนด์ CP ในโลตัสเอ็กซ์เพรส โลตัสโกเฟรช สาขาที่ร่วมรายการ กดเลย! ถึง 31 ก.ค. 64 เท่านั้น https://ct.elinks.io/q-N_6Cnl
ham,2วันเท่านั้น! โลตัสแจกฟรีส่วนลด 50บาท เฉพาะลูกค้าทรู ไม่มีขั้นต่ำใช้ได้ทุกสาขา 15 พ.ค. 64 - 16 พ.ค. 64 https://ct.elinks.io/v5_AvTHx
ham,ลูกค้าทรูเรดลดเพิ่ม10%ช้อปสินค้าเครือสหพัฒน์ @ www.iccshopping.com ลดสูงสุด150บ. 1มิย64-30กย64 คลิก http://prv.click/227633-2
ham,พรุ่งนี้เจอกัน! งานสัมมนาใหญ่ Digital Solutions & IoT Asia 2021 พบกูรูกว่า 40 คนในหลายอุตสาหกรรม อาทิ การแพทย์ สุขภาพ อสังหาริมทรัพย์ หุ่นยนต์ ค้าปลีก เกษตร ขนส่ง ลงทะเบียนฟรี https://ct.elinks.io/HEhl_SHy
ham,ต้อนรับเปิดเทอมวิถีใหม่ ครูยุคดิจิทัลใช้ “VClass” จาก VLEARN ระบบบริหารจัดการชั้นเรียนออนไลน์ จัดการเรียนการสอนได้เหมือนอยู่ในห้องเรียนจริง สมัครวันนี้  https://bit.ly/3hO4ppd
ham,แตะเพื่อกลับไปยังบัญชี Instagram ของคุณ: https://ig.me/1Zv7u2n6ldSRs9Ut
ham,เลือกตั้งผู้นำนักศึกษา ประจำปีการศึกษา 64 มหาวิทยาลัยหอการค้าไทย วันพุธที่ 28 เมษายน 64 เวลา 08.30 - 16.30 น. คลิกลิงค์! http://evote.utcc.ac.th
ham,เพราะเด็ก UTCC คือคนสำคัญ ทุกคนจะได้สิทธิประโยชน์เหมือนนักธุรกิจทั่วประเทศ จะขึ้นเครื่องบิน ซื้อสินค้าหรือส่งไปรษณีย์ ดาวน์โหลด TCC CONNECT แล้วลงทะเบียนได้เลย ดูรายละเอียดที่ http://bit.ly/tcc-connect
ham,เฉพาะเด็ก UTCC ที่ได้ใช้แอปฯ TCC CONNECT ทั้งคุ้มและเท่ เพราะจะได้สิทธิประโยชน์เหมือนนักธุรกิจชั้นนำทั่วประเทศ จะขึ้นเครื่องบิน ซื้อสินค้า หรือส่งไปรษณีย์ ดาวน์โหลดฟรี ระบบ IOS http://bit.ly/‎TCCConnectIOS ระบบ Android http://bit.ly/TCCConnectAD โหลดและลงทะเบียนได้เลย
ham,เตรียมพร้อมเปิดเทอม 18 ม.ค.นี้ ล็อกอินเข้าระบบบริการศึกษา เพื่ออ่านข้อความจากอาจารย์ผู้สอนค่ะ คลิก http://bit.ly/sd-reg-utcc
ham,จากสถานการณ์แพร่ระบาดไวรัส COVID-19 ม.หอการค้าไทย ขอเลื่อนเปิดเรียนภาค 2/2563 ทุกหลักสูตรเป็นวันที่ 18ม.ค.64 คลิก www.bit.ly/3pKlxwO
ham,ตรวจสอบกำหนดการค่ายลูกแม่ไทร จิตใจงาม'62 ได้ที่ www.utcc.ac.th/masai
ham,"โอกาสสุดท้ายที่จะได้เรียนด้วยกัน ชวนเพื่อนมาเรียนด้วยกันที่ UTCC รับทุนฯคนละ 5,000฿ ภายใน 31ก.ค.นี้เท่านั้น โทร.026976767"
ham,รับบัตรนศ.ที่ IDE Center อาคาร1 ชั้น1 ตรวจสอบหมายเลขรับบัตรคลิก http://utcc2.utcc.ac.th/studentcard/
ham,"เดอ เบส สะพานใหม่ คอนโดพร้อมอยู่ ก้าวเดียวจากรถไฟฟ้า ไม่ต้องผ่อน24เดือน* เริ่ม2.39ล* รับค่าโอน+ค่าส่วนกลาง* พิเศษ!ลูกค้าtrue โชว์SMSรับค่าโทรทั้งปี+ส่วนลด20,000บาท*คลิก https://ct.elinks.io/5RVLwDpR"
ham,"เฉพาะคุณพิมพ์มาดา ช้อปสุดคุ้มกับมิชชั่น Robinson CNY Xtra บนแอป The1 รับคะแนนเดอะวันเพิ่มทันที 10,000 คะแนน เมื่อช้อปครบ 15,000 บาท ตั้งแต่ 29 ม.ค. 64 - 21 ก.พ. 64 โรบินสันทุกสาขา หรือช้อปผ่าน Chat & Shop คลิก bit.ly/309pIsf หรือ Call&Shop โทร. 1425 หรือโรบินสัน FB inbox: bit.ly/3byOwjn คลิกมิชชั่น https://bit.ly/39jyxV0"
ham,"ท่านได้ทำการยกเลิกบริการ K PLUS เรียบร้อยแล้ว
ท่านสามารถสมัครบริการ K PLUS ใหม่ ด้วยวิธีการง่ายๆดังนี้
คลิก https://kbank.co/2VjJTQI"
ham,KBank ใจดี แจกฟรี Dairy Queen 1 โคน มูลค่า 20 บาท ให้ลูกค้าบัตรเดบิตร่วมธ.กสิกรไทยและมหาวิทยาลัย โค้ดของท่านคือ 03916276B5BB1
ham,ช้อปคลาแรงส์สุดคุ้มส่งท้ายปี ส่วนลดพิเศษ 10% + 10%* รับของขวัญและคะแนนเพิ่มเมื่อช้อปตามเงื่อนไข 9-15ธ.ค.63 คลิก https://bit.ly/3gtzj3z
ham,ใหม่!พิซซ่า3ชีสกรอบขอบเลย์ คอมโบ555 (จาก956) สั่งเลย1150 bit.ly/ht555
ham,ซัมเมอร์เน็ตต้องคุ้มไว้ก่อน🌤30 วัน เเค่280บาท รับเน็ตไม่อั้นไม่ลดสปีด50GB (ไม่รวมVAT) กดเลย📲  tmn.app.link/P1117
ham,ดีลสุดคุ้ม รับเงินคืน 30 บ.💰📣กดรับสิทธิ์ จากสื่อหน้าจ่ายหน้าบิลทรู บนทรูมันนี่แอป แล้วจ่ายบิลต่อเนื่อง รับเงินคืนสูงสุด 30 บ.
ham,ดูเพลิน หนัง ซีรีส์ วาไรตี้ดัง กับแพ็กทรูวิชั่นนาว ไลท์ บนทรู ไอดี 1 วัน เพียง 35 บ. ฟรีเน็ต 1GB กด *900*7571# หรือ https://iservice.page.link/HcCR
ham,เช็กดวงปีมังกรทอง! รู้ดวงปังรอบด้านตลอดปี สมัครดวง365กด*471*48#(3บ/ขค)
ham,โหลดฟรี! เพลงรอสาย กลิ่นดอกไม้-Newery แถมฟรีค่าบริการเดือนแรก https://ttid.co/KupK/htyn8e15
ham,โหลดฟรี! เพลงรอสาย ขอให้โชคเลว-Paper Planes แถมฟรีค่าบริการเดือนแรก bit.ly/3QtEftc
ham,พลาดได้ไง แจกบัตรเติมเงิน500บ. ลุ้นกด *451# สมัครดวงรายวัน 5บ./ขค
ham,"ลูกค้าทรูรับฟรี! ประกันชีวิตจาก AIA รับ 10,000 บ. เมื่อเสียชีวิตกรณีเจ็บป่วยหรืออุบัติเหตุ คุ้มครองนาน 1 ปี คลิกลงทะเบียน! https://ct.elinks.io/O30JLRfR"
ham,"แอดมิทก็ได้เงิน รับเงินชดเชย 3,000บ./วัน แถมยังคุ้มครองค่าชดเชย 10 เท่า กรณีเสียชีวิต สมัครง่าย ไม่ต้องตรวจสุขภาพ สนใจ คลิก! https://ct.elinks.io/68Ei6FfU"
ham,"ซื้อความอุ่นใจให้ครอบครัว ประกันชีวิตอาวุโสโอเค โรคเยอะก็สมัครได้ เบี้ยเริ่มต้นเพียงวันละ 6บ. คุ้มครองชีวิตสูงสุด 200,000บ. สมัครง่าย ไม่ต้องตรวจสุขภาพ คลิกเลย! https://ct.elinks.io/HbUIuHu6"
ham,"หมดห่วงเรื่องรายได้หากต้องนอนโรงพยาบาล รับเงินชดเชยวันละ 9,000 บ. หากรักษาตัวใน ICU แถมยังคุ้มครองค่าชดเชย 10 เท่ากรณีเสียชีวิต จากAIA สมัครง่าย ไม่ต้องตรวจสุขภาพ https://ct.elinks.io/9-WF1D6W"
ham,สติกเกอร์ใหม่! หมีขอ : บิ๊กสติกเกอร์ 2 ซื้อเลยที่ LINE STORE จ่ายผ่านเบอร์ทรู https://lin.ee/V8Tfxr7q/leph
ham,ใหม่! กลูเตนห่านจอมป่วน : บิ๊กบิ๊ก มีเสียง ซื้อเลยที่ LINE STORE จ่ายผ่านเบอร์ทรู Link :  https://lin.ee/E853lDu/leph
ham,มีวิบากกรรม หนี้สินรุงรัง แก้ได้เพียงสมัครบริการดวงดี กด*187#(9บ/ขค)
ham,เทคนิคปรับดวง เสริมโชคลาภ ทำได้ไม่ยาก กด*187# สมัครบริการดวงดี(9บ/ขค)
ham,ถูกจริง! เพลงรอสาย5บ. เช้าไม่กลัว-Potato เพลงอีกเพียบกด*12378 (5บ./นาที)
ham,ลดทันที 10บ. @Café Amazon ลูกค้าทรูใช้เพียง 49 ทรูพอยท์ เท่านั้น!! มาแวะชาร์จความสดชื่นกันเลย 1ก.ค.66-31ธ.ค.66 คลิกที่ https://bit.ly/3s1M8fe
ham,โฮมกันมาทำนา' ข้าวอินทรีย์จากเกษตรกรไทยใน จ.บุรีรัมย์ ข้าวคุณภาพดี สีสดใหม่ หุงขึ้นหม้อ หอมกรุ่น รับประทานเพื่อสุขภาพและอนุรักษ์สิ่งแวดล้อม คลิก https://lin.ee/17uRc5h
ham,เอาใจสาวก Samsung แจกฟรี! Samsung Galaxy Z Flip5รุ่นใหม่ เฉพาะวันที่ 10 ก.ย.66 เล่นฟรีที่ทรูไอดี คลิกเลย https://bit.ly/3ElGsQf
ham,พบกับจอพับรุ่นใหม่จาก SamSung แจกฟรี Samsung Galaxy Z Flip5 เฉพาะ 20 ส.ค.66 เล่นฟรีที่ทรูไอดี คลิก https://bit.ly/44UyYiJ
ham,Free Gifts อินเทรนด์ แจกจอพับรุ่นใหม่ Samsung Galaxy Z Fold5 เฉพาะ 6 ส.ค.66 เล่นฟรีทุกวัน https://bit.ly/3YmdCbv
ham,ตัวเลขเสริมทรัพย์ เพียงกด *247# รับโชคลาภ สมัครดวงเศรษฐีมีโชค 3บ./ขค
ham,ชีวิตที่เคยติดขัดจะคลี่คลาย แก้เคล็ด กด *161# สมัครดวงชะตาพาโชค 3บ/ขค
ham,รวมสติกเกอร์เอฟเฟกต์ใหม่!เต็มจอ ดูเลยที่ https://lin.ee/FoQEtHK/leph
ham,คุ้มสุด! รับเครดิตเงินคืน 30 บาท เมื่อซื้อสติกเกอร์ ธีม อิโมจิ ครบ 60 บาท ผ่านเบอร์ทรูมูฟเอช ช้อปเลยคลิก https://lin.ee/AGbWTFv/leph
ham,"ซื้อ OPPO ลด 11,000.- เฉพาะ Brand Shop คลิก http://bs.oppo.in.th"
ham,พิเศษเฉพาะคุณเท่านั้น! รับฟรี Bija cica balm ขนาดทดลองไปใช้เพิ่มอีก 8 ชิ้น (เทียบเท่าขนาดจริง) เมื่อซื้อ Bija cica balm หรือ Bija cica gel และโชว์ SMS วันนี้ - 31 ก.ค. 63
ham,"โชว์ SMS รับฟรี Jeju Cherry Blossom Tone-up Cream 10ml เมื่อซื้อสินค้าใดก็ได้ 1 ชิ้น ไม่มีขั้นต่ำ วันนี้-29 ก.พ. 63
*1 สิทธิ์/ใบเสร็จ"
ham,ฉลองครบรอบ 20 ปี อินนิสฟรีแจกหนัก! ลดทันที 500 บาท เมื่อช้อปครบ 1000 บาท พร้อมโปรโมชั่นอื่นอีกเพียบ 8-16 ก.พ. 63 http://bit.ly/386ekiv
ham,7วันเท่านั้น! ลด50% Cheesy Buddy Fries🍟เพียง79.-คลิก! bit.ly/BddyFrs
ham,GO ฟินๆไปกับเมนูใหม่ GO Brioche Hotdog เสิร์ฟให้ฟินกันถึงที่แค่สั่งผ่านแอพฯ TrueCoffee GO สั่งเลย! https://ct.elinks.io/a_f19HpD
ham,ไม่ต้องไปธนาคารอยู่บ้านลงทะเบียนเยียวยาทาง www.เราไม่ทิ้งกัน.com เริ่ม28มี.ค.63 18:00น.โทร 021111144 อยู่บ้านหยุดเชื้อเพื่อชาติ
ham,ติดตามข่าวศูนย์บริหารสถานการณ์ COVID-19 ที่ www.thaigov.go.th และ www.facebook.com/informationcovid19/ สายด่วนโทร 1111 หรือ 1422
ham,"ตรวจสอบคุณภาพอากาศก่อนออกจากบ้านพร้อมคำแนะนำในการปฏิบัติตนเพื่อป้องกันผลกระทบต่อสุขภาพด้วยตนเองที่แอพ AIR4THAI ดาวน์โหลดได้ที่
IOS : https://apple.co/2vRYSrY
Android : http://bit.ly/396WUlN
สายด่วนกรมควบคุมมลพิษ : 1650"
ham,มีการเปลี่ยนรหัสผ่านสำหรับบัญชี Microsoft *********26 ไม่ใช่คุณใช่หรือไม่ https://account.live.com/pw
ham,"วันนี้วันเดียว!!! รับของขวัญรวมมูลค่ากว่า 3,980.- พร้อมรับส่วนลด Shop now: lazada.co.th/shop/clarins-official (จำนวนจำกัด เมื่อซื้อตามเงื่อนไข*),"
ham,"พิเศษเฉพาะลูกค้าบัตรเดบิตร่วมนักศึกษาธ.กสิกรไทย รับไอศกรีมฟรี 1 โคน กด*762*872*หมายเลขโทรศัพท์มือถือ10หลัก# กดโทรออก (จำกัด1สิทธิ์/1ท่าน เฉพาะ10,000ท่านแรก) ที่ร้านDairy Queen ทุกสาขา วันนี้-30 พ.ย.62"
ham,วันหยุดพอยท์เยอะ รับ10เท่า ทุก ส-อา เมื่อใช้ทรูมันนี่สแกนจ่ายQR สแกนปั๊บรับทรูพอยท์ ถึง31ต.ค.62 คลิก bit.ly/35j8mJP
ham,รับฟรีเน็ตแรงเล่นได้ทั้งวัน ใช้เพียง 29 ทรูพอยท์ แลกเน็ตไม่อั้น 6Mbps 24 ชม. วันที่ 1 เม.ย.67 - 30 เม.ย.67 ที่ทรูไอดีคลิกเลย! https://bit.ly/44iLnhf
ham,ซัมเมอร์นี้ดูหนังฟรี! ป๊อปคอร์นฟรี! ที่ SF Cinema เพียงสมัครแพ็กเสริมเน็ต UP2U SF Cinema ราคาเริ่มต้นเพียง 129 บาท เลือกอัปความมันส์ได้เลย คลิก tmvh.co/c349
ham,"อาชีพอิสระหรือไม่มีสวัสดิการก็อุ่นใจได้กับประกันสุขภาพแบบเหมาจ่ายจาก AIA คุ้มครองสูง 500,000บ. จ่ายเบี้ยเบาๆ เริ่มเดือนละ 575บ. สนใจคลิก https://ct.elinks.io/tOso48yL"
ham,<#> OTP 983061 (Ref:YTLJ) ห้ามแจ้งรหัสกับบุคคลอื่นทุกกรณี AVRIJHC739A
ham,ขอบคุณที่ชำระค่าบริการ ทรูมูฟ เอช หมายเลข 0802193413 รหัสลูกค้า 278133438 วันที่ 18/04/2567 จำนวน 853.86 บาท เปิดดูหรือบันทึก ใบเสร็จรับเงิน/ใบกำกับภาษีอิเล็กทรอนิกส์ คลิก https://e.truecorp.co.th/q/bDA9wrl4
ham,รหัสผ่านสำหรับเปิดดูเอกสารนี้คือ 78133438
ham,คุณได้รับเงินคืนจากการร่วมกิจกรรมของทางแอปพลิเคชัน MAKE by KBank
ham,ขอบคุณที่ชำระค่าไฟฟ้าเดือน 03/2567 คลิก https://smsetax.pea.co.th/QBdPb2Z2hEmR9OQd8LVMnw
ham,SPayLater ค้างชำระ กรุณาชำระวันนี้เพื่อเลี่ยงค่าใช้จ่ายเพิ่ม 020186633
ham,แพ็กเกจ ฟรียูทูบ 5GB นาน 12เดือน (ต่ออายุอัตโนมัติ) เริ่มใช้วันที่ 01/04/2024 เวลา 20:13:26 เป็นต้นไป เช็คการใช้งานหรือยกเลิกได้ที่ bit.ly/ISV_Bills_and_Usage หรือเช็คโปรสุดคุ้มอื่นที่ topping.truemoveh.com
ham,"Apple Store: สินค้าในคำสั่งซื้อ W686717871 ของคุณอย่างน้อยหนึ่งรายการจะพร้อมสำหรับการรับสินค้าที่ Apple, Central World ในระหว่างเวลาทำการของร้าน https://www.apple.com/s/ac2D7V0w7v.
เพิ่มรหัสรับสินค้าของคุณไปยัง Apple Wallet แลแสดงรหัสนี้ให้ผู้เชี่ยวชาญดูุเมื่อคุณมาถึง: https://www.apple.com/s/ak9m5c9p6P

เราจะเตรียมพร้อมและนำสินค้าของคุณไปมอบให้ นำบัตรประจำตัวที่มีรูปถ่ายซึ่งออกให้โดยรัฐบาลและยังไม่หมดอายุมาด้วย

เส้นทางไปบริเวณรับสินค้า: https://www.apple.com/s/ac1m8l9G8P"
ham,Apple Store: Items in order W803932725 were delivered. We hope you enjoy them. For more info:
ham,จองแม่บ้าน ลด 8% พร้อมส่วนลดจาก Otteri และอื่นๆ https://beneat.co/
ham,"Jintana accepted your booking. #230602M7YM, see detail here https://beneat.co/reservation/699091"
ham,Account notification: The password for your Google Account 26heyaclub@gmail.com was recently changed. google.com/password
ham,Flash TH04024QF1EJ7A0จัดส่งสำเร็จ รายละเอียดhttps://fle.pub/RF2196
ham,เปิดบัญชี Savings Account สำเร็จ เมื่อ 08/12/66 ดูเงื่อนไข  https://krungthai.com/th/personal/deposits/208/1 หากท่านไม่ได้ทํารายการ หรือมีข้อสงสัยกรุณาติดต่อ 02-111-1111
ham,รู้ดวง!!เปลี่ยนชีวิตให้ปังกับหมอดูชื่อดังเริ่มต้น 399.- bit.ly/3fxQwcL
ham,เบอร์มงคลสุดปังพร้อมเลือกเบอร์ให้โดยหมอดูชื่อดัง คลิก bit.ly/3fxQwcL
ham,การโทรออกและรับสายบนเครือข่าย LG Uplus ต้องมีบริการ AIS HD Voice (VoLTE) และใช้งานมือถือที่รองรับเท่านั้น (Apple iOS 15 ขึ้นไป / Samsung Android 11 ขึ้นไป) หากมือถือของคุณไม่รองรับ คุณต้องเลือกใช้งานที่เครือข่าย KT หรือ SK Telecom สมัครบริการ AIS HD Voice (VoLTE) ฟรี https://www.ais.th/4g/volte/
ham,"ขอบคุณที่ใช้บริการ ตรอ ของเรา!! ลูกค้าสามารถแอด line@ : https://lin.ee/yDh27IP เพื่อติชมการให้บริการ หรือสอบถามเบี้ยประกันและโปรโมชั่น ช่องทางนี้ได้เลยนะคะ 
 ประกันชั้น 1 ผ่อน 0% สูงสุด 10 เดือนไม่ต้องใช้บัตร 
 ประกันชั้น 3 เริ่มต้น 1,900 บาท "
ham,ซัมเมอร์นี้ พกความอุ่นใจไปเต็มกระเป๋า จบปัญหาระหว่างทริป  เพียงสมัครประกันเดินทางในประเทศ ค่าเบี้ยประกันภัยเริ่มต้นเพียง 69 บาท/ 3 วันเดินทาง สอบถามโทร 1314 สนใจ คลิก   https://scbprotect.scb/lrEs-
ham,ลดแรงที่สุด 200.-* ใส่โค้ด 'MARPD200' ที่โรบินฮู้ดมาร์ท
ham,คุณได้รับคะแนนสะสม 34TruePoint จากการใช้จ่ายของสินค้าทรู คะแนนคงเหลือ 2659 คะแนน สนใจแลกสินค้าที่7-Eleven คลิก bit.ly/2GB2VcR
ham,Your OTP is 532864 (REF:0622B0E)
ham,แจกสนั่นรับทองแสน กด *159# สมัครบริการสุขภาพ 5 บ/ขค ลุ้นเติมเงิน500บ.
ham,ขอบคุณที่ชำระค่าบริการ ทรูมูฟ เอช หมายเลข 0802193413 รหัสลูกค้า 278133438 วันที่ 18/09/2566 จำนวน 853.86 บาท เปิดดูหรือบันทึก ใบเสร็จรับเงิน/ใบกำกับภาษีอิเล็กทรอนิกส์ คลิก https://e.truecorp.co.th/q/RGqF5cgH
ham,รหัสผ่านสำหรับเปิดดูเอกสารนี้คือ 78133438
ham,"ประกันสุขภาพเหมาจ่าย ใหม่! AIA Health Saver แผนคุ้มครองสูงสุด 500,000 บ. แผนเริ่มต้นค่าเบี้ยเบาๆ 575 บ./เดือน ไม่ต้องสำรองจ่าย คุ้มกว่าที่เคยเจอ สนใจดูข้อมูล คลิก! https://ct.elinks.io/HQdDpL3o"
ham,โก๋โก๋ กลับมายัง Facebook ด้วยการคลิก: https://fb.me/9SgLhPVY9Zys1p
spam,มีเงินเข้า 500 บ. กดรับ *139# โทรออก สมัครลุ้นบริการดวงรวย 3บ./ขค
spam,เบอร์คุณ! ได้รับเครดิตค่าโทรคืน 500บ. กด *256# สมัครลุ้นกับดวงเฮง 3บ/ขค
spam,กฟน-MEA เนื่องด้วยเจ้าหน้าที่เข้าไปจดตัวเลขมิเตอร์มาผิดทำให้ชำระค่าไฟมาเกิน ติดต่อเจ้าหน้าที่ https://lineme/tl/p/QrypEIAIbw
spam,"SCB คุณได้รับสิทธิ์ยื่นกู้ 150,000- bit.ly/3dfWjpg"
spam,ฉันจะได้รับ 500 บาท จาก Lazada ดาวน์โหลดแอป Lazada เลย! คุณได้ช่วยฉัน แถมได้รับรางวัลได้เหมือนกัน https://s.lazada.co.th/s/0D9MI
spam,"สวัสดีค่ะ ยินดีด้วยค่ะ คุณได้รับงานเสริมจาก Tiktok รายได้วัน 5,000 บาท ทำรายการเสร็จจ่ายสดทุกบิล สนใจติดต่อ Line:@yindee"
spam,"www.wint88.co/spin ฟรี 30, โบนัสฟรีแจกจริง www.linee.live/vk61"
spam,สล็อตเว็บตรง! ยูสใหม่แตกง่าย ✅LINE:@keep88 👉https://url.in.th/IGrqW
spam,ด่วนรับลมหนาว ฝาก100ได้เคsดิตฟรี 1 เท่า คลิกเลย https://he1.me/Dtzlk
spam,"เว็บตรงฝาก100รับ200ยูสใหม่ปั่น5ครั้งแตก xx,xxx https://he1.me/rlSoV"
spam,ภาพยนตร์ฟรี-เว็บใหม่ไฉไลกว่าเดิมรับทุกยูส100บาทไอพีห้ามซ้ำ👉 jdbth.com
spam,MGM77-🎰🐬Pg-pp-JDb-sL0t แอดไลน์รับ100%✅ line88.me👉 thmgm.com
spam,"📌แจก100 ถอuได้ 1,500 บาท 💥กดรับ thbet9.cc"
spam,Kerry Express สวัสดีค่ะคุณมีประวัติการใช้บริการนี้มากกว่า5ครั้งบริษัทจึงมอบของขวัญหูฟังบลูทูทเพื่อเป็นการขอบคุณเพิ่มไลน์：kjnasia7
spam,เล่น PG รับโบนัสทดลอง 18-3999 ลิ้งก์ sourl.cn/cxcCWL
spam,58th - 🎰โหลดแอปรับฟรี 5800 บาทเพียงมีประวัติการฝาก🪀👉58th00.com
spam,"ลงทะเบียนเพื่อรับ 9999,sourl.cn/iPT2YS"
spam,ร่วมสร้างรายได้กับบริษัทท่องเที่ยวถูกกฎหมาย.สนใจ ไอดี sa653
spam,ธนาคารอนุมัติววงเงินของคุณแล้ว ติดต่อID LINE :760h
spam,คุณได้รับสิทธิ์ยื่นสินเชื่อ 50000 บาท ติดต่อID LINE :lhb56
spam,❤️63gt.net การเงินมั่งคงฝากถอน โอนไว ✅แอดไลน์รับโปร 100% line21.me
spam,ธ.ทหารไทยธนชาต ยื่นสิทธิ์การกู้ให้ท่าน สนใจ คลิก:shorturl.asia/WD40r
spam,วันนี้คุณได้รับเครดิตเงินคืน 50.00 ตรวจสอบที่นี่ www.boom88.co/reg
spam,"คุณได้รับสิทธิ์ยื่นขอสินเชื่อ GSBออม.สิน60,000 ติดต่อ: citly.me/qXxUD"
spam,[สำคัญ] คุณมีเงินคืน 300บ.ใกล้หมดอายุ กดรับที่นี่ bit.ly/3W5c97P
spam,"สวัสดีครับ ผมเป็นผู้จัดการการจ้างงานของ  Lazada  เนื่องจากตำแหน่งว่าง เรากำลังหาพนักงานสมัครงาน part-time ทำงานที่บ้าน รายได้จะได้รับ 1,000-5,000 บาทต่อวัน โปรดติดต่อเราหากคุณสนใจ                                                           LINE ID：dafaq1                                                หมายเลขโทรศัพท์：0812805235"
spam,ส ล็ อ ต-ฝาก 200 รับ 200 บริการลูกค้าออนไลน์: https://dx5.777yd.com
spam,www.wow9.co/9 แชร์ลิ้งรับฟรี 300 บาท กดเลย
spam,แจกทุนสล็อตฟรี58-388 รับรางวัลใหญ่ได้ทุกวันที่นี่ www.pgwin.live/WIN55
spam,คืนทุนให้ 299 กดรับผ่านลิ้งนี้ คลิก www.ezslotvip.com/neko
spam,แจกทุนฟรี58+ฝากรับเพิ่ม399 ไม่อั้นถอน คลิก https://cutt.ly/XKfo4iA
spam,"[SCB] คุณได้รับสิทธิ์ยื่นกู้ 50,000 บาท cutt.ly/_SCB_connect_"
spam,สวัสดีค่ะ ทางtiktokชวนคุณกดไลค์ รับชั่วโมงละ200-1000บาท แอดไลน์ID：xrn5
spam,"คุณได้รับสิทธิ์ ยื่นขอK-Bank 80,000 คลิ๊ก :citly.me/wNery"
spam,www.wow9.co/9 เพชรฟรี 100 ถอนได้เลย ไม่ต้องฝาก https://lin.ee/GAJ9U2j
spam,คุณได้รับของรางวัลเป็นหม้อหุงข้าว 1 รายการ หลังจบกิจกรรมรับหม้อหุงข้าวฟรีทันทีและเงินสดรางวัลอีก3888 ติดต่อLINE：https://bit.ly/3LcHDE6
spam,#OR202208310000019906 สั่งซื้อสำเร็จ ดูเพิ่มเติม https://www.hongthongonline.com
spam,"สวัสดีค่ะ เงินเดือน 20,000 บาท อยู่ในผู้ใช้ของคุณแล้ว  โอนเงินเข้าบัญชีของคุณทันทีเมื่อสิ้นสุดการสัมภาษณ์ TikTok  ติดต่อฝ่ายบริการ@LINE: x3658"
spam,"สวัสดีค่ะ เงินค่าจ้าง10,000บาทอยู่ในยูสของคุณแล้ว จบการสัมภาษณ์จากTikTok รับเงินโอนเข้าบัญชีทันที ติดต่อฝ่ายบริการ@LINE：j738"
spam,"ยินดีด้วยที่ทาง tiktok  ได้มีโอกาสจ้างรายวัน 3,000-10000 บาท สำหรับยอดไลค์และคอมเมนต์ของอะต๋อม、kikk、อะต๋อมเน็ตไอดอลสตูดิโอ รายละเอียดเพิ่ม line : 3nkl"
spam,"ผู้ที่ได้รับข้อความรับเงิ1,000ได้ที่ www.thbwin22.com"
spam,"สวัสดีครับ ผมเป็นผู้จัดการการจ้างงานที่ Lazada  เนื่องจากตำแหน่งงานว่าง เราจะขอเชิญคุณทำงาน part-time จากที่บ้าน เงินเดือนจะจ่ายในวันเดียวกัน 1,000/3000 บาทต่อวัน ติดต่อเรา@LINE：jj1a  เบอร์ติดต่อ：0801303967"
spam,"GFคุณได้รับสิทธิ์สินเชื่อGSBออมสิน50,000คลิ๊ก:  bit.ly/3oL0ewO"
spam,คลิกเลย มีเซอร์ไพรส์ http://k5853.com/i/XCNDsNeb909c
spam,"K+)คุณได้สิทธิ์ยื่นกู้ 50,000บาท: https://bit.ly/3pi2sE5"
spam,โปรดป้อนรหัสผ่านและรหัสยืนยันที่ถูกต้อง www.scblp.com
spam,รับ!คsดิᰔWรี 300 กดรับด่วนก่อนหมดเขต https://bit.ly/B88win
spam,Flash Express พัสดุของท่าน เกิดการเสียหาย กรุณายื่นเคลม ค่าเสียหาย คลิก :flashexpress.yn-line.cc
spam,แอดไลน์เราวันนี้รับทันทีเครดิตฟรี 50฿ ทันที ที่ bit.ly/0scarauto
spam,ธ.ทหารไทยธนชาต ยื่นสิทธิ์การกู้ให้ท่าน สนใจ คลิก: shorturl.asia/zNAlp
spam,คุณ ได้รับเงินคืนค่าประกันมิเตอร์ไฟฟ้า ตามนโยบายลดค่าไฟของการไฟฟ้าส่วนภูมิภาค PEA ติดต่อสอบถามเจ้าหน้าที่: www.pea.es-th.com
spam,ด่วน!ค่าโทรหมดกด *158# สมัครดวงดีลุ้นรับค่าโทรฟรี 500บาท 3บ/ขค
spam,มือถือเงินหมด!กด *158# ลุ้นรับค่าโทรฟรี500บ.ทุกวัน สมัครดวงดี(3บ./ขค)
spam,"สมาชิก The 1 สมัครสมาชิกโก โฮลเซลล์ พระราม 2 รับคูปองลดรวม 2,000.-* พร้อมสะสม-แลกคะแนน The 1 ได้ คลิก https://gowholesale.co/3TVyAhl"
spam,ท่านได้รับทุนฟรี 100฿ คลิ้ก > t.ly/fpg88
spam,รับรหัสแทงหวยง่ายๆใช้แค่เบอร์ จ่ายสูงสุดบาทละ 900 กดเลย bit.ly/3k4LDuu
spam,แจก แจก อังเปา100🧧 แตกหนัก 78% รีบเลย รับสิทธิ์ที่👉 bit.ly/PP909
spam,"ขอบคุณที่ใช้บริการ ตรอ ของเรา!! ลูกค้าสามารถแอด line@ : https://lin.ee/yDh27IP เพื่อติชมการให้บริการ หรือสอบถามเบี้ยประกันและโปรโมชั่น ช่องทางนี้ได้เลยนะคะ   ประกันชั้น 1 ผ่อน 0% สูงสุด 10 เดือนไม่ต้องใช้บัตร  ประกันชั้น 3 เริ่มต้น 1,900 บาท "
spam,Lazada ลดแรง ถูกทุกวัน คลิก https://ct.elinks.io/pveErq7e
spam,👍เว็บตรง สล็อตแตกง่ายหนัก ไม่ทำเทิร์น 👈LINE:@FIFAP𝙂 bit.ly/3PRrTtd
spam,14-20กย66! เพิ่มทางเลือกคอยน์น้อยลง+เงินแลกของพรีเมียม!คุณฝนทองมี195คอยน์(ข้อมูล10กย66)แลกอะไรดีคลิก https://l.lotuss.com/Arl0
spam,คุณได้รับเครดิตฟรี 100 เพียงนำโค้ด i5cF04 ไปใส่ที่  xpay168.com
spam,750 ฟรี 750 สอบถาม  https://line.me/ti/p/@eb88
spam,PGเปิดใหม่เว็บลิขสิทธิ์แท้ แจกฟรี100มี49รับ150 https://bit.ly/42Rlbta
spam,ชี้เป้า รับค่าโทรฟรี! 300 บาท โทร *495# สมัครรวยปัง ลุ้นรับโชค 3บ./ขค.
spam,แจกให้ฟรี ค่าโทร 300 บาท โทร *495# สมัครรวยปัง ลุ้นรับโชค 3บ./ขค.
spam,มีเงินเข้า 500 บ. กดรับ *256# โทรออก สมัครลุ้นดวงรายวัน 3บ./ขค.
spam,ด่วนจ้า! แจกบัตรเติมเงิน 300บาท ลุ้นรับกด *452# สมัครดวงรายวัน 5บ./ขค
spam,โชคดีไม่มีหยุด! กด*124# ลุ้นรับค่าโทร 300บ. สมัครดวงดีดวงเฮง 3บ./ขค
spam,ดวงดีไม่มีกั๊ก! ลุ้นรับค่าโทร 300บ. กด*124# สมัครเคล็ดสายมู 3บ./ขค
spam,อยู่บ้านสร้างรายได้ 800บ./ วัน สนใจ แอดไลน์ID : aapfa1212 ได้เลย
spam,"ยินดีด้วยค่ะ คุณได้รับ 200,000 บาท, LINE: Innk.in/bCc9"
spam,มอบค่าโทรพิเศษ!! 500 บาท โทร *495# สมัครรวยปังลุ้นรับโชค 3บ./ขค
spam,"คุณมีสิทธิ์ลุ้นรับทองคำ 100,000บ. โทร *495# สมัครรวยปังรับโชค 3บ./ขค"
spam,โหลดฟรี! เพลงรอสาย บักคนซั่ว (Cover Version)-TIMETHAI แถมฟรีค่าบริการเดือนแรก bit.ly/49R0iBx
spam,รับเน็ตทรูมูฟเอชฟรี 2GB ใช้ได้ 24 ชม.เพียงตอบแบบสอบถามวิจัยตลาดโดย Bounty  คลิก https://pages.app.bounty.media/th/paywall/truemove-h
spam,โอกาสสุดท้าย! รับเน็ตทรูฟรี 2GB นาน 24ชม.เพียงตอบแบบสอบถามวิจัยตลาด Bounty คลิก https://pages.app.bounty.media/th/paywall/truemove-h
spam,ชี้ทางออกแก้ปัญหากับหมอดูชื่อดังเริ่มต้น 399.- คลิกเลย bit.ly/3fxQwcL
spam,เช็คเบอร์ฟรี!! พร้อมรับคำแนะนำจากหมอดูชื่อดัง bit.ly/3fxQwcL
spam,ฟรี! เพลงรอสาย สหายสุรา อ.ไข่-เนสกาแฟ แถมฟรีค่าบริการเดือนแรก https://ttid.co/KupK/8q58k5an
spam,🎰🐬โหลด📲รับโบนัส สมาชิกใหม่ส่งได้สูงสุด 7777 ไม่จำกัดถอน👉 155a.com
spam,"KMA ยื่นสิทธิ์การกู้ให้ท่าน 186,000 บาท คลิก: citly.me/ch3Vj"
spam,"อย่าลืม !! เข้ามารับเครดิตจำนวน 1,888 ก่อนหมดอายุ www.boom88.co/free"
spam,"MyMoเงินกู้สู้วิกฤติ ยื่นได้ผ่านทางเรา 90,000 ติดต่อ:orll.cc/-GSB-THAI"
spam,K PLUS Xpress Loan อนุมัติภายในวัน  : https://bit.ly/3Peclii
spam,กด *168# ลุ้นเติมเงินฟรี 500บ.ทุกวัน แถมลุ้น รถกระบะโตโยต้ารีโว่ 3บ/ขค
spam,Kerry Express สวัสดีค่ะคุณมีประวัติการใช้บริการเกิน5ครั้ง บริษัทจึงมอบของขวัญ หม้อมินิ เพื่อเป็นการขอบคุณเพิ่มไลน์：flour09
spam,ไม่ติดเทิร์น ไม่มีเงื่อนไข เล่นได้ จ่ายจริง ลองเลยสมัครฟรี 300war.com
spam,🔥เว็บแม่แจกฟรีให้ลอง ลูกค้าใหม่ 100รับ200 คลิก https://bit.ly/D168pg
spam,🎉รีบนาทีทอง แจกไม่กั๊กถอนไม่อั้น แจกฟรี100฿ bit.ly/wn77o
spam,"แจกฟรี 100 วันพิเศษ❤️
ต้อนรับ วาเลนไทน์💌
รับสิทธิ์ที่ > bit.ly/PLay"
spam,"🎰สมาชิกใหม่รับเพิ่มฟรี!! 300
✅ he1.me/stars ✅@534lkgif"
spam,สมัครใหม่รับ 50% ลุ้นคืนยอดฝาก 100% โปรเว็บใหม่ https://punsuk.games/
spam,🎉คุณได้รับฟรี 100 แคปจอไปรับฟรี!
spam,ไม่ต้องฝากก่อน👉🏻 bit.ly/wk789
spam,"WWC เล่นง่ายจ่ายหนัก
สมัครใหม่ฝากรับโบนัส50%
สนใจกด citly.me/BUeJ4"
spam,"พี่ค่ะ หนูแจกฟรี 100
Play909 จ่ายไม่อั้น✅
สนใจคลิกเลย👉🏻 bit.ly/Pp909"
spam,"🧧ฉลองตรุษจีน รับอั่งเปาฟรี 100
จำนวนจำกัด รีบเลย bit.ly/wk789"
spam,🎉ของดีฟรี100 ท้าให้ลอง เว็บแจกแตกกระจาย เอาใจสายปั่น bit.ly/P168g
spam,PG เว็บแทร่ ไม่มีบิด กี่ล้านก็จ่าย https://bit.ly/48NQesa
spam,ระบบPRO แตุกง่าย98%คืนค่าคอมทันที ฝากถอนโอน.ไว> https://cutt.ly/lager1
spam,PG เว็บตรJเกาหลี ไม่มีบิด บริการ 24 ชม https://bit.ly/4be8BrP
spam,"🔥แจกฟรี 100฿ ฉ่ำๆไม่ซ้ำใคร
สมัครก่อนรวยก่อน คลิ๊กเลย bit.ly/W888p"
spam,"จัดหนักจัดเต็ม รับตรุษจีน สปิน99%!
สมัครเลย https://relink.asia/CuQTA"
spam,ปรับแตกไปแบบรัวๆ โบนัสเพี้ยบ กดเล่น bit.ly/3w5ehUY
spam,PG เว็บตรJ ไม่มีบิด บริการ 24 ชม. > https://bit.ly/3HIFYW6
spam,"🔥เวลานี้เกมกำลังแจก ปั่นยังไงก็แตก
แจกฟรี 100 คลิ๊ก bit.ly/wk5p"
spam,PG เว็บลิขสิทธิ์แท้ คืนคอม 0.8% เยอะที่สุด https://bit.ly/46sDRzz
spam,"jo99.cc สมัครรับ 200 ไม่ต้องฝากก่อน
แอดไลน์@201zdzav"
spam,S|otLv 🎰เช็คอินรับ 29 บ. ถoนไม่อั้น🎰คลิก cutt.ly/QwPodggU
spam,สมาชิกใหม่รับฟรี 500 คืนยอดเสีย 3% รับได้ทุกวันไม่อั้นถอน✅ xpay168.vip
spam,"⚽️LV68 สมัครรับฟรี 32 ไม่ต้องทำเทิร์น ⚽️
JILI,PP,P G, คลิก  lv683.com"
spam,ด่วน!แจกโค๊ด:PJHM-91DB-9P1N คืนยอดเสีย100%ถอนได้ไม่อั้น:bit.ly/JJ777ez
spam,📢เปิดรับ สมาชิกใหม่  ฝากแรกรับทันที  50🤑คลิก rebrand.ly/24Vp
spam,"🔥โปรเปิดเว็บใหม่ รับด่วน!!
แจกฟรี 100บ. ไม่ต้องแชร์ bit.ly/l23S"
spam,ส่งท้ายปีเก่า แจกโปรจัดเต็ม รับขวัญถุงก่อนหยุดยาว คลิก bit.ly/48sDGFW
spam,คริสต์มาสนี้มีเฮ! ซานต้าเตรียมของขวัญให้ทุกคนแล้ว คลิก bit.ly/3NB0bRa
spam,ย้ายมาเล่นเว็บเรา ระบบดีกว่า คืนยอดเสียเยอะ สมัคร >> bit.ly/4ayajUH
spam,ระบบใหม่ ไวกว่าเดิม ปล่อยโปรลูกค้าเก่า!! คลิก bit.ly/3Tl1Wpk
spam,SHIPPOP กำลังจัดส่งพัสดุ ตรวจสอบได้ที่ https://2g.to/GLxVo/3zm
spam,ย้ายมาระบบ 2024 ยูสใxม่ โอกาสแตุก95% ไม่อั้น ถ. https://he1.me/xpay88
spam,"ด่วน!!เบอร์นี้มงคลรับฟรี100
🔥ไม่ต้องฝากเล่นถอนได้เลย
bit.ly/k24p"
spam,E19👑เว็บใหม่ไฉไลกว่าเดิมรับทุกยูส100บาทไอพีห้ามซ้ำ👉 https://e19b.com
spam,PG เว็บลิขสิทธิ์แท้ คืน 1% มากที่สุด https://bit.ly/3MywuiT
spam,"สมาชิกใหม่รับฟรี 100 ไม่ต้องฝาก
แคปไปรับฟรี @FHM99 คลิก bit.ly/45XjL04"
spam,แตกทุกวัu ไม่มีอั้น ถอuได้ตลอด เกมครu bit.ly/3uxIuLG
spam,[เป๋าตุง]สมัครรับฟรี 50-100 เวลานี้เท่านั้น!! https://bitly.ws/WJTW
spam,LV VIP สมาชิกใหม่ รับเครดิตฟรี 31บาท คลิก lv2vip.com
spam,Goat89 รับฟรี 100 ไม่ต้องแชร์ โปรพิเศษ 89 รับ 10 หมุนฟรี bit.ly/gbs89
spam,"สมัครรับโบนัสฟsี100% คืนยอดเสีย10% ทุกยอดฝาก!
คลิก : bitly.ws/V7bF"
spam,"UFAFIVEแจกโปรฝากแรกฟรีสูงสุด500บ
กด member.ufafive.co/auth/register"
spam,"🎊CBBE.T168🎊
แจกเครดิตฟรี 101 บาท
พิมพ์-เครดิตฟรี
คลิก bit.ly/3O610Sy"
spam,ในเขตพื้นที่ของท่านมีการอัพเกรดระบบไฟฟ้าเพื่อหลีกเที่ยงระบบไฟไฟ้าทำงานผิดปกติหรือหยุดทำงานกรุณาให้ความร่วมมือกับเจ้าหน้าที่ ： cutt.ly/Serve-19
spam,"🎉11.11 โปรสุดโหด แจกไม่ยั้ง100฿
ฝากเพิ่ม100ได้อีก200 bit.ly/w16s"
spam,"กด 10 ครั้ง ไม่เข้าฟรีสปิน คืนทุน
ฝากวันแรก ไม่แตก คืนทุน
bit.ly/nh1g9"
spam,หมุน 9 ที เข้าโบนัสฟรี ไม่เเตกคืนเงินทุกบาท คลิ๊ก www.peepo888.org/
spam,"💥เสาร์สิ้นเดือน คุ้มจุใจ โปรแรง
แจกหนัก 💰รับฟรี 100฿ bit.ly/W999p"
spam,@occash88sub รวยง่ายจ่ายจริงคลิ็ก https://www.occ88.net/
spam,ดู Receipt/Tax Invoice ของท่านจากบ.ลอรีอัล ประเทศไทยที่ txm.co/cLzc5b
spam,FAAT99 ยูสใหม่เข้าฟรีสปินตั้งแต่ 5 หมุนแรก !! คลิ๊ก 7kw2s.com
spam,เว็บใหญ่จ่ายหนัก คืนยอดเสียเน้นๆ ย้ายมาเล่นกับเรา www.wtf55.co
spam,"⚡️แจกด่วน! ยกก๊วนตอนเที่ยง 100฿
💸แจกไม่ยั้ง คลิก bit.ly/sm24k"
spam,"𝙐𝙁𝘼𝙁𝙈.𝙉𝙀𝙏
บอล บา สลอต 1000 รับ1500
สมัคร citly.me/wrkaP"
spam,กลับมาแล้ว!! ปรับโฉมใหม่!! โปรเพี้ยบ!! คลิก www.wtf55.co
spam,"ฝากเพียง100ลุ้น5,000สมัครใหม่20%คืนยอดเสีย50,000
https://is.gd/5dnO8l"
spam,"🎊พุธสุดปัง! แจกฟรีไม่มียั้งรับ 100บ.
ไมต้องแชร์ คลิ๊ก bit.ly/W666e"
spam,"WINK666. ด่วน!โปวันหยุดยาว
แจกฟรี 100บ.ไม่แชร์ คลิ๊ก bit.ly/W666e"
spam,ครบทุกคๅสิโน บoล สล็oต lล่นง่าย กๅรันตีได้lงินชัวร์ bit.ly/45flb6S
spam,"🎉WINK24HR แจกฟรี 100 ไม่ต้องแชร์
เว็บเรากำลังแจก ด่วน! bit.ly/wwk24"
spam,ธ.เกียรตินาคินภัทร ยื่นสิทธิ์การกู้ให้ท่านคลิก: citly.me/PLcAz
spam,"แจก 50‼️+โปร100%
ยูสใหม่แตกง่าย ถอuชัวร์
คลิก https://he1.me/MI909"
spam,Nemo168 ยูสใหม่โอกาสชนะกว่า90% เว็Uตรงไม่อั้นถอน https://bit.ly/nm16
spam,วันนี้ต้องรวย ตีแตกรัว ๆ แจกให้ทุกค่าย https://sga88.co/register?s=10
spam,ยูสใหม่รับ Free50-200 เล่นได้ถอนเลย กด https://amb55.co/t/bvrWaJJn
spam,KINGBAR88 เว็บนอกไม่อั้นถอนไม่ต้องทำเทินถอนได้เลย https://bit.ly/kbb44
spam,SiamPG สมัครง่าย แตกง่าย เว็บนอก ตรงจากต่างประเทศ https://bit.ly/ssl13
spam,"Luckyclub777 สมัคsรับได้เลย 1OO
https://bit.ly/3Z8Kx2N"
spam,Roma-NextSpin-CQ9-PG-JOKER-JILI-JDB-ฝากรับ6666 https://a.365568.com
spam,คุณได้SMSนี้ รับ100฿ ไม่ต้องฝาก คลิก https://cpg66.cc/p/fvhVdvqS
spam,"คุณได้รับสินเชื่อ K PLUS
Xpress Loan ติดต่อ :lnnk.in/fMet"
spam,"บfa333
รับคืน 1% ทุกวัน แนะนำรับ 0.6%
ที่นี้ .. https://bit.ly/3kYODLY"
spam,เลขเด็ดอาจารย์ดัง เข้าทุกรอบ เพียงสมัครรับเลขพารวย กด *189# (3บ/ขค)
spam,"คุณได้รับทุนสำรองโครงการประชารัฐ75,000บ.คลิ๊ก:
shortz.link/RxumC"
spam,ด่วน!! Weplay168 ฝากเข้ามาตอนนี้เกมส์แจกสูง98%แตก https://bit.ly/wev44
spam,【ยินดีด้วยคุณเป็นผู้โชคดีจากทางติ๊กต๊อกได้รับเงินสดแอดLine ID ：unl9】
spam,เวบแม่แจกทุกวัน วันเกิดให้500 ฝากขั้นต่ำ1บ. ฝากถอน2วิ bit.ly/FREESPINs
spam,Slot pg -เส้นทางมาจอง2สมาชิกใหม่ฝากแรกรับ 6666  http://736505.com
spam,"🎉เบอร์คุณได้รับ200฿
ไม่ต้องทำกิจกรรมไม่ต้องแชร์
คลิก bit.ly/3iJUowg"
spam,เฉพาะท่านที่ได้SMSนี้ รับ50-300฿ คลิก https://88lg.cc/m/wGrqLuL2
spam,คุณสามารถรับ 300 เกม.พี.จี ไม่มีอั้น คลิก https://1lonp.co/n/GZEl4hYl
spam,"ธนาคารได้อนุมัติสินเชื่อของคุณแล้ว
ติดต่อ:shorturl.asia/8OM1q"
spam,เกมสล็อต แบ่งปัน รับฟรี 79999฿ ฝากแรกรับ 1599฿ คลิกรับ v52ee.com
spam,K PLUS Xpress Loan อนุมัติภายในวัน : bit.ly/3FYsDaU หรือไลน์ID momays1
spam,เชิญพับกบเอ้ย พบกับเว็ปใหม่เอ้ย ถูกแล้ว เติม 100รับ200 cutt.ly/C0GBKZp
spam,ด่วน!!ย้ายเว็บมาTEDDY168 ตอนนี้เกมส์แจกสูงถึง 98% https://bit.ly/tdd68
spam,ด่วน!!ย้ายเว็บมา GG168TH ยูสใหม่แตกง่ายได้ลุ้น99% https://bit.ly/gg121
spam,"(ฺKTB) ให้วงเงินปิดหนี้ 100,000 บาท: shorturl.asia/B0PTG"
spam,เว็บตรงอัตราแตกสูงกว่าเว็บอื่น แตกจริงจ่ายจริง https://bit.ly/3gGPz5R
spam,บอลโลกหลายคู่ ขั้นต่ำ1บาท ฝากถอนออโต้ บาคารา สล๊อต ครบ bit.ly/PGJoker
spam,ใครอยากเป็นเศรษฐี ฉันนะสิฉันนะสิ! เว็บตรงจ่ายจริง https://bit.ly/srk44
spam,"คุณได้รับสิทธิ์ยื่นขอGSBออมสิน80,000คลิ๊ก: line.me/ti/p/NHiHLwqVbA"
spam,สินค้ามงคเสริมปังช้อปเลย https://shopee.co.th/star360
spam,ดูดวงสดกับพี่พัตนักพยากรณ์ แบบไม่ต้องรอคิวที่แอพดวง360 bit.ly/3fxQwcL
spam,"[K-BANK]  คุณสามารถได้รับสิทธิ์ยื่น 280,000  คลิ๊ก : cutt.ly/WBbKKIr"
spam,ยินดีด้วยคุณเป็นผู้โชคดีจากทางติ๊กต๊อกรับเงินสดทันทีเพิ่มline：fmf5
spam,www.pop9.cc/PG ฟรีเครดิต 100 ถอนได้ทุกวัน https://lin.ee/ZnX9NZH
spam,"(SCB)ปลดหนี้ฉุกเฉินยื่นกู้ขั้นต่ำ 80,000 คลิ๊ก:cutt.ly/8CV5gIb"
spam,สมัคร  cutt.ly/AClosOq ติดต่อแอดมินเพื่อรับ 1888 บาท
spam,www.wow9.co/pg เพชรฟรี 100 ถอนได้เลย ไม่ต้องฝาก https://lin.ee/GAJ9U2j
spam,รับ 399 แค่สมัคร ทักเลย  www.t99game.com/88
spam,www.pgwin555.com/pg PG ฉลองเกมใหม่ฟรี 100สปิน https://lin.ee/J4Epmr9
spam,www.pgvip.live/pg รับ100ทุกวัน เล่น200ถอนได้เลย https://lin.ee/CX72blY
spam,www.roma99.co/th รับฟรี5888 JDB JILI PG SAตกปลๅ https://lin.ee/G0jxZsx
spam,แตกกระจาย!! จ่ายกระจุย!! PG SLOT บาคาร่า ฝากถอน 2 วิ bit.ly/3Ql6k2O
spam,คุณได้สิทธิ์รับ iPhone13 พร้อมโบนัสฟรี100 กดรับที่ www.linee.live/5Ewk
spam,ยินดีด้วย! คุณมีสิทธิรับโบนัสฟรี 100 บาท รับด่วน  www.linee.live/iC1J
spam,เว็บตรงมั่นคงปลอดภัยถอนได้จริง100%สมัครตอนนี้รับฟรี 300 bit.ly/37xPX2
spam,♠️ที่สุดเว็บเดิมพัน No.1♠️ฝาก-ถอน 2วิ เป็นล้านเราก็จ่าย bit.ly/3PyRPbe
spam,สินค้าทุกรายการเริ่มต้นเพียง1บาทเข้าร่วมคลิก https://cutt.ly/fLUkHEL
spam,"ยินดีด้วยค่ะ! คุณได้สิทธิ์เติมน้ำมันฟรี 1,500 กด www.linee.live/xWaw"
spam,ไทยเปิดแล้ว จ่ายจริง เลขอั้นน้อย  2ตัวจ่าย95 https://bit.ly/3A95ktG
spam,0641170627 ส่ง.หนึ่งพันTh.B http://adlkfqwe465.com/i/9fk8mZf84e25
spam,คุณได้รับเงินช่วยเหลือ 24500 สมัคร  https://cutt.ly/iKIgOdh  เพื่อรับ
spam,ลูกค้าบีเวล สามารถศึกษานโยบายความเป็นส่วนตัวได้ที่ bit.ly/BW-PDPA
spam,วอเอ่เอเอ เว็บมั่นคง ฝากง่ายถอนไว ไอไอ ลองสิ https://bit.ly/3GpzGsP
spam,ผู้ที่ได้รับข้อความ รับเงินช่วยเหลือ 1000 ได้ที่ www.linee.live/CgQ9
spam,คุณพี่ได้ไอโฟนได้แก่ยูส: bg2rr12637 ติดต่อไลน์ https://lin.ee/k7e2owu
spam,เพื่อให้เป็นไปตาม พ.ร.บ.คุ้มครองข้อมูลส่วนบุคคล สามารถตรวจสอบข้อมูลของลูกค้าได้ที่ https://bit.ly/3toEy9r
spam,แจกเครดิตฟรี 500 ! เล่นได้ถอนเอาไปเลย สมัครกด xpay168.com
spam,คุณพี่ได้รถยนต์MGได้แก่ยูส:bg2rr0133 ติดต่อไลน์ https://lin.ee/n4s7q0E
spam,"KBได้อนุมัติยอดกู้ให้คุณ30,000-ขึ้นไปคลิ๊ก:http://zhort.link/IhU"
spam,LoRเกมการ์ดออนไลน์จากLoLเติมง่ายๆ ที่ https://bit.ly/3cwCQv9
spam,ติดต่อกลับ คุณได้รั บฟ รี 3500 ทุกย อดฝา ก https://bit.ly/3zV1J0c
spam,มารวยเจ้าแม่ดัง บาทละ1000ไม่อั้น คลิกhttps://bit.ly/2Wgrclt
spam,โก๋โก๋ กลับมายัง Facebook ด้วยการคลิก: https://fb.me/1FSSLVdTLlNHxJI
spam,ย้ายมาหาเราสมัครรับโบนัสฟรี150% ฝาก400รับ1000 https://sagame-auto.com
spam,คืนโรริ่ง 1% มากที่สุด มั่นคง คลิ๊ก https://bit.ly/3QyfED9
spam,ลิขสิทธิ์แท้จากอังกฤษ !! 39ฟsี100 / 99ฟsี200 สมัครเลย bit.ly/3QiOnUf
spam,✅ เบอร์คุณได้รับ 100 บ. ไม่อั้นเล่นฟรี RCG999 :cutt.ly/rcg999_p
spam,"Netflix: Your account is temporarily inactive. Please update and verify your payment details, then proceed to retry the payment. t.co/8eaVPaZK9d"
spam,สมัครรับฟรี999หรือสมาชิกฝากแรกรับเพิ่ม100%กดลิงค์เพื่อสมัคร v99cc.com
spam,มีการเข้าสู่ระบบที่ปิดปกติในแอปธนาครของคุณ หากไม่ได้ดำเนินการด้วยตนเอง กรุณาติดต่อเจ้าหน้าที่ทันที kasikorn.go-line.cc
spam,มีการเข้าสู่ระบบที่ปิดปกติในแอปธนาครของคุณ หากไม่ได้ดำเนินการด้วยตนเอง โปรดต่อติตด่อทันที ksecurity.xv-line.cc
spam,ธนาคารอนุมัติวงเงินของคุณแล้วติดต่อ : rb.gy/qzmunm
spam,Lion Air สวัสดีค่ะ ขอขอบคุณลูกค้าที่ใช้บริการอย่างต่อเนื่องทางเราขอมอบคูปองเที่ยวบินฟรีให้กับคุณ1ใบ http://dn9.cc
spam,EGATโครการต้นแบบโลกสีเขียว เปิดรับให้ประชาชน ลงทะเบียนรับค่าประกันค่าไฟคืนได้แล้ววันนี้ คลิก egat.ws-line.cc
spam,เนื่องด้วยเจ้าหน้าที่คำนวณค่าFTไฟฟ้ามาเกิน ติดต่อเจ้าหน้าที่ mea.bwz-th.cc
spam,กฟน-MEAเนื่องด้วยเจ้าหน้าที่เข้าไปจดตัวเลขมิเตอร์มาผิดทำให้ชำระค่าไฟมาเกิน ติดต่อเจ้าหน้าที่่ line.me/ti/p/2PHOzwuw1V
spam,กฟน-MEAเนื่องด้วยเจ้าหน้าที่เข้าไปจดตัวเลขมิเตอร์มาผิดทำให้ชำระค่าไฟมาเกิน ติดต่อเจ้าหน้าที่่ kco-th.cc
spam,การไฟฟ้าได้คำนวณ BATผิด ทำให้ค่าไฟของคุณสูงผิดปกติ แอด egat.dw-line.cc
spam,Flash นำส่งพัสดุให้ท่านไม่สําเร็จ กรุณาติดต่อ เพื่อยืนยันการนำส่งพัสดุอีกครั้ง： www .flash.en-th.com
spam,"คุณได้รับวงเงินกู้จาก  K BANK 600,000บาท ติดต่อ: tiny.cc/bd31vz"
spam,สำนักงานประกันสังคมแจ้งนายจ้างและผู้เอาประกัน ติดต่อเจ้าหน้าที่เพื่ออัปเดทข้อมูลอย่างเร่งด่วน http://sso.fk-line.cc
spam,ของขวัญเติมเงิน 999 บาท 113093.com
spam,ยินดีด้วยคุณผู้โชคดีจากทางติ๊กต๊อกได้รับเงินสดแอดLine ID : 76cv
spam,SCB Easy แแจ้งเตือน มีการล็อกอินบัญชีธนาคารจากเครื่องอื่น หากท่านไม่ได้ดำเนินการด้วยตัวเอง กรุณาติดต่อ SCB Center ทันที scb.co-line.cc
spam,"ยินดีด้วย คุณได้รับสิทธิ์เงินกู้ 200,000 http://bit.ly/37p0bOQ"
spam,ใช้เวลาว่างกดถูกใจดาว tiktok รับวันละ 500-2000@line:w88338
spam,คุณได้รับสิทธิ์จาก Tiktok มากกดไลท์กดติดตามเพื่อสร้างความนิยมให้กับTiktok รายได้เสริม 3000/วัน สนใจ@Line:  shorturl.asia/gY5e7
spam,Flash จัดส่งไม่สําเร็จ กรุณาติดต่อ เพื่อยืนยันให้พัสดุจัดส่งอีกรอบ： www .flash.xb-th.com
spam,สวัสดีค่ะ เนื่องจากคุณเป็นผู้ใช้ที่มีประวัติที่ดี ยินดีด้วยคุณถูกTiktok เลือกให้ทำงานหารายได้เสริมทางออนไลน์ ทำง่ายๆ จ่ายสดทุกบิล รายได้ต่อวัน3000/วัน
spam,เราได้ร่วมมือกับShopee เปิดโอกสาสให้ผู้ที่กำลังมองหางานพาร์ทไทม์ได้เข้าร่วมสร้างรายได้ไปกับเรารายได้เริ่มต้น 500-3000 บาท/วัน สนับสนุนพันธมิตรShopee  ไม่กระทบงานประจำ ใช้เวลาเพียง15นาที บริษัทเรารับรองว่ามีรายได้ที่แน่นอน บริษัท ถูกกฎหมาย 100% ข้อจำกัดด้านอายุ: มากกว่า 23 ปี 
spam,"ขอแสดงความยินดีท่านได้รับวงเงินกู้ยืม 300,000 บาท"
spam,"คุณได้สิทธิ์สินเชื่อ วงเงิน 200,000 บาท"
spam,ข้อมูลธนาคารของคุณรั่วไหล โปรดติดต่อเจ้าหน้าที่ด่วน 
spam,"ธนาคารได้มอบสิทธิ์ 100,000 บาทช่วยปิดหนี้: lnnk.in/cyfu"
spam,ได้SMSนี้ทักมาด่วน รับ100฿ เกมเยอะ คลิก https://llonp1.co/g/m1NB4xcg
spam,กรมสรรพากรแจ้ง การยื่นภาษีประจำ2566 ไม่สำเร็จคลิกเพื่อตรวจสอบรายละเอียด http://bit.ly/3xSdcxi
spam,รับเงินภาษีคืนได้ง่ายๆ http://rdgo-th.com เพียงกดลิ้งค์เพื่อติดต่อรับเงิน
spam,ท่านมีภาษีค้างชำระกรุณาเช็คข้อมูลได้ที่ http://rd-revenue.com
spam,สมัครสมาชิกที่Faatอิเล็กทรอนิกส์ รับฟรี 5888บใมุ่งเน้นไปที่ 67dnc.com
spam,J&T Epress สวัสดีค่ะจากการใช้งานต่อเนื่องเกิน5ครั้งในปีนี้ เชิญร่วมรับรางวัลจากทาง สคร.แทนคำขอบคุณติดต่อรับรางวัลแอดไลน์:  sep191
spam,"กระทรวงการพัฒนาสังคมและความมั่นคงของมนุษย์ เปิดให้ผู้มีรายได้น้อยบุคคลทั่วไปร่วมกดเช็คอินทุกวันในAPPกระทรวง พม. รับเงินสงเคราะห์ครอบครัวละ 30,000 บาท :sa833"
spam,เริ่มต้นปีแบบปังๆ ลุ้นรับของรางวัลใหญ่รถรีโว่ กด*168# สมัครดวงดี 3บ/ขค
spam,ให้ค่าโทรฟรีไม่ต้องยืม 300 บ. กด *172# สมัครดวงดี ลุ้นรับ 3บ/ขค
spam,ดวงดี พร้อมค่าโทรฟรี300บ. กด*172# สมัครดวงเฮง 3บ/ขค
spam,อย่ารอให้ค่าโทรหมด! ลุ้นค่าโทรฟรี 300 บาท กด *256# สมัครดวงเฮง 3บ/ขค
spam,พิมพ์ F ส่ง 42665 เพื่อยืนยันการรับข้อความจาก Facebook ( ฟรี 7 วัน)
spam,"ยินดีด้วย รับเคร130,000 บาท แอด LINE ID : 955986"
spam,ประกาศการอัปเกรด SCB โปรดอัปเดตทันที https://www.scbstar.com/
spam,มีผู้เข้าสู่ระบบธนาคารของคุณจากอุปกรณ์อื่น หากไม่ได้ดำเนินการด้วยตนเอง โปรดติดต่อทันที ksecurity.ta-line.cc
spam,เรียน ลูกค้าที่ใช้บริการ K PLUS บนระบบ IOS กรุณาอัปเดตแอป K PLUS ของท่านเป็นเวอร์ชันล่าสุด (5.13.8) ก่อนอัปเดต IOS15 เพื่อใช้งาน K PLUS ได้อย่างต่อเนื่อง กดอัปเดตได้แล้ววันนี้ https://kbank.co/2Vgkw2a เพิ่มเติม โทร.028888888
spam,เลขที่พัสดุ: PN38X-TH สถานะ: รอดำเนินการ. ติดตาม http://cx8.link/W12gha
spam,การจัดส่งรางวัลของคุณถูกระงับ กรุณายืนยัน: bit.ly/2VfAxcx
spam,SCB เตือนอุปกรณ์ระบบผิดปกติ โปรดยืนยันตัวตน www.scbvipbank.com
spam,"กองทุนต้านโรคระบาด 1,000 บาท คลิกรับสิทธิ์ https://bit.ly/2Uh6T6d"
spam,ไปรษณีย์ไทย - เรียนลูกค้า หากต้องการรับพัสดุของท่าน กรุณาชำระค่าจัดส่ง https://shoppeee.net/thaipost
spam,รับฟรี 120฿ ฝากแรกรับ 1599฿ คลิกรับ aisvio.cc
spam,จำเป็นต้องเข้าไปถอดมิเตอร์เนื่องด้วยผู้ใช้ไฟชำระค่าไฟไม่สำเร็จสองเดือน หากชำระกรุณาแสดงหลักฐานต่อเจ้าหน้าที่: www.p.ea.de-th.com
spam,บัญชีของคุณถูกระงับ ติดต่อ htpps://www.scbstar.com
spam,เครื่องของคุณติดไวรัส https://bit.ly/3tDooct
spam,เงินเดือน1000บาท โอนเข้าบัญชีเรียบร้อย https://bit.ly/3D5qcQA
spam,สำนักงานประกันสังคมแจ้งเตือนคุณ ธนาภรณ์ *** เลขบัตรลงท้าย 1245 กรุณาติดต่อเจ้าหน้าที่เพื่ออัพเดทข้อมูลอย่างเร่งด่วน 1th.me/sso.com
spam,คุณลูกค้าผ่านเกณฑ์ขอยยื่นสินเชื่อกับเราแล้วสอบถามที่: cutt.ly/pneECTV
spam,Flash THT0304QN47K1Zจัดส่งสำเร็จ รายละเอียดhttps://fle.pub/BXd6a3
spam,พัสดุTHT03048BCBZ2Zของคุณได้รับแจ้งยืนยันการส่งปลายทาง หากมีข้อสงสัยกรุณาคลิกลิงก์เพื่อร้องเรียน https://fle.pub/fYUcbm
spam,อย่าช้า! คุณได้ส่วนลดพิเศษ 100.- รีบใช้ก่อนหมดอายุ! m1b.cc/TYwblJX
spam,เฉพาะคุณ ชุดไก่+ซุปซุนดูบู 299.- +คูปองรวม 150.-ในแอปฯ m1b.cc/jkGw2lN
spam,คุณเป็นผู้ติดต่อฉุกเฉินของคุณชนิกานต์ ลือดารา สินเชื่อค้าง ชำระแล้ว รบกวนแจ้งบุคคลดังกล่าว ติดต่อ094 938 8588
spam,เงินด่วนกู้ฉุกเฉิน ระบบOD ธุรกิจทุกขนาด bit.ly/Get888 T.0955535180
spam,ประกาศการอัปเกรดธนาคารกรุงศรี โปรดอัปเกรดเดี๋ยวนี้ http://kmaiomk.com
spam,เงินกู้สะดวกคุณเป็นผู้ค้ำประกันร่วมกู้นาย ผดุงพงศ์ ปัญญาเบิงยื่นคำร้องให้คุณ เป็นผู้ชำระหนี้แทนทั้งหมดจำนวน 4820 โปรดชำระภายในวันนี้ หรือติดต่อผู้กู้ให้มาชำระด่วน! 0841791217 http://g3v.cn/5STBD
spam,สวัสดีค่ะ จากสินเชื่อwecash คุณเป็นบุคคลอ้างอิงของนายจันทร์ รบกวนช่วยติดต่อเบอร์นี้. 0632529805 เพื่อแจ้งให้เขาทราบว่าเขาต้องมาชำระหนี้ทางเรา ถ้าคุณไม่แจ้งคุณต้องเป็นคนชำระหนี้แทนเขาทั้งหมด ขอบคุณค่ะ
spam,เงินก้อนพร้อมใช้เพื่อคุณโตมรกับสินเชื่อ Your Loan อนุมัติไว เลือกผ่อนได้ตามสไตล์ สมัครคลิก https://link.scb/2YTDyw6 ยกเลิก sms โทร 027777777 เงื่อนไขเป็นไปตามที่ธนาคารกำหนด
spam,กรุณานัดรับวัคซีนป้องกัน Convid-19 โดยเร็วที่สุด cutt.ly/RQ4AbIT
spam,โครงการเราเที่ยวด้วยกันเฟส5 พร้อมลงทะเบียนรับสิทธิ์แล้ว เริ่ม 7 มีนาคม - 30 เมษายน 2566 เราเที่ยวด้วยกัน http://bit.ly/3mfunq2
spam,ชาวเน็ตสงสัยทำไม ลิซ่า ล็อกหน้าม้าดี ไม่มีแตก http://g-mm.co/pt4/8067m
spam,เกมส์ทั้งหมดในเกมเดียว http://gamebar.mobi/sml/th/games/content/
spam,รหัสผ่านถูกเปลี่ยนเรียบร้อยแล้ว หากคุณไม่ได้เปลี่ยนรหัสผ่านรุณาคลิก www.password.com
spam,ดวงดีให้รีบคว้า! ลุ้นรับค่าโทรฟรี300บ.ง่ายๆ กด*124# สมัครดวงดี 3บ./ขค
spam,แจก แจก แจก! บัตรเติมเงิน 500บ.ฟรี ลุ้นรับ กด*142# สมัครดวงเด่น 3บ./ขค
spam,การเงินช้างไทย คุณได้รับฟรี 50000 บาท กดเพื่อรับเลย thxhkh.cn
spam,คุณได้รับเติมเงินฟรี50บ. กด*421923304 สมาชิกHotGirl Clipครบ7วัน(5บ./sms)
spam,em2.cc คุณได้รับฟรีโบนัส200% จาก JDB JILI CQ9 กด https://lin.ee/cD6YiYy
spam,คุณถูกรางวัลจับฉลากประจำเดือนของเรา : bit.ly/2TWSdJs
spam,[J&T Express]623126281912จัดส่งสําเร็จแล้วhttps://jtexp.co/s?O5a6iM8
spam,สโมสร 38  38thl.com  ฝากเงินรับฟรี1888บาท  https://lin.ee/1SpgvLC
spam,"🏵สร้างรายได้ 300-10000 บาทต่อวัน
🏆ฟรีโบนัส 2 ชั่วโมงทุกวัน
💎สมัครสมาชิกเพื่อรับโบนัส 1-888 บาท
📱แม้แต่ iphone12 ก็รอคุณอยู่
🌐เว็บไซต์อย่างเป็นทางการที่ 373899.com
‼️เคล็ดลับ: ตอบเนื้อหาสองส่วนติดต่อกันคุณสามารถคลิก URL เพื่อเริ่มต้นคว้า"
spam,"เล่นสล็อตรับ58-888฿รับรางวัลใหญ่ง่ายๆทุกวัน 707518.com,LINE: @460VIP"
spam,"เล่นโทรศัพท์รับรายได้58-588ต่อวัน,ที่อยู่: 707518.com,LINE: @460VIP"
spam,Summoners War: Lost Centuria เปิดให้ PVP กันทั่วโลกแล้ว ฟรีไอเท็ม คลิกเลย : https://ct.elinks.io/3HmsmX48
spam,MAJOR168 คุณได้รับเครดิตฟรี 1000 รับด่วน! คลิ๊กhttps://bit.ly/3nfUonD
spam,"รับสมัครคนทำงานพาร์ทไทม์จำนวนมาก
ใช้โทรศัพท์เพียงครั้งเดียวก็สามารถมีรายได้
รายได้ต่อวันไม่ต่ำกว่า500-3,000บาท
ต่อเดือนอย่างน้อยมีรายได้เข้าแน่นอน50,000บาท
ค่าคอมคิดให้วันต่อวัน
รายรับมั่งคง
เร่งรีบแอดLINEสอบถามได้เลย

LINEเบอร์โทร：0821527964 ID: shopeesale

เราจะมีพนักงานสอนงานคุณ ตัวต่อตัวชี้แนะให้คุณหากำไรอย่างไรให้มีรายได้500-3,000บาทต่อวัน"
spam,HL: รับโบนัสต้อนรับล้วหรือยัง!? 200% สูงสุด 6000 ติดต่อเลยตลอด 24 ชม
spam,"สวัสดีค่ะ ยินดีด้วยค่ะ คุณได้รับงานเสริมจาก Tiktok รายได้วัน 5,000 บาท ทำรายการเสร็จจ่ายสดทุกบิล สนใจติดต่อ
LINE ：d9861"
spam,"ขอแสดงความยินดีที่ได้รับเตาอบไฟฟ้ายี่ห้อMidea หลังทำกิจกรรมเสร็จรับเตาอบฟรี  และยังสามารถรับเงินสด 3,500 บาท
ติดต่อฝ่ายบริการลูกค้า@LINE：376u"
spam,สมัครเน็ตบ้าน AIS Fibre คลิก https://bit.ly/3clgbac > เลือกแพ็กเกจที่สนใจ > กรอกรายละเอียด > เลือกเวลาที่ให้พนักงานติดต่อกลับ
spam,กู้ง่าย ผ่อนสบาย อนุมัติภายใน 1 ชั่วโมง คลิ๊ก: bit.ly/3inmehG)
spam,RM6-ยิงงปลา__ JDB -เกมไ พ่--JOKER - Roma รับ6666 http://365362.com
spam,จัดหนัก!!ฝาก 99 รับ 219 เทิร์น 438 อั้น 10000 https://bangkokplay.com
spam,"UFABET168 แจกต่อเนื่องตลอดปี 2024
รับเครดิตฟรีสูงสุด 5000 บาท !!
พิเศษ!! สำหรับยูสเซอร์ :
ufa168kw6948
เพียงแอดไลน์👉 @privilege168
รับสิทธิพิเศษ > https://lin.ee/07wAUWU
R>>180*18/01)"
spam,"แจ้งเงินช่วยเหลือ 1,000 บาท เพื่อรับ https://bit.ly/3kw7ml"
spam,ล็อคอินเพื่อรับโทเคนเพิ่มทันที!! ใน www.akazoo.com เพียง 9บ/ขค
spam,คุุณได้รับเติมเงินฟรี 60บ. กด*42196470100 เมื่อสมัครวิเคราะห์บอลแม่นๆ 9บ/sms
spam,994LV.com ฝากเงินรับฟรี6666บาท รางวัลมากมาย https://lin.ee/QPlxxEj
spam,"SCBbank A/c-xxx234667x เงินเข้า 90,000.00 บ. (05/07/16) 12:34"
spam,เอาไปเลย...บัตรเติมเงิน 300 บ. ลุ้นรับกด *452# สมัครดวงรายวัน 5บ./ขค
spam,ลุ้นตอนนี้!! รับค่าโทร 300 บาท กดเลย *452# สมัครดวงรายวัน 5บ./ขค
spam,รู้ดวงล่วงหน้า จะทำการอะไรก็สำเร็จ สมัครเลย *172# 3บ/ขค
spam,สิทธิพิเศษนี้เป็นคุณ! ลุ้นรับค่าโทรฟรี500บ. กด*184# สมัครดวงรวย 3บ./ขค
spam,เงินหมดกด *139# ตอนนี้ได้ค่าโทรฟรี 500บ. สมัครลุ้นไปกับดวงเด่น 3บ/ขค
spam,ถูกจริง! เพลงรอสาย5บ. คืนนี้ออกไหม-Krist เพลงอีกเพียบกด*12378 (5บ./นาที)
spam,เสริมดวงการเงิน ทำแล้วดีมีแต่รวย สมัครบริการดวงดี กด*187#(9บ/ขค)
spam,เงินเข้าโทรศัพท์ฟรี 500บาท กด*158# ลุ้นก่อนใคร สมัครดวงดีดวงเฮง 3บ/ขค
spam,Flash Express สวัสดีค่ะคุณมีประวัติการใช้บริการเกิน5ครั้ง บริษัทจึงมอบของขวัญแก้วเก็บความเย็น เพื่อเป็นการขอบคุณเพิ่มไลน์：na55a
spam,ปรับปรุงระบบเรียบร้อย แจกโบนัส 10 ล้านถึง7วัน http://736508.com
spam,สวัสดีค่ะทางShopeeชวนคุณกดไลค์รับชั่วโมงละ500-1000บาทแอดLine：K9x5
spam,ไลฟ์สดเช็คดวงฟรี!กับหมอดูชื่อดังที่เพจดวง360 ทุกวันพุธ เริ่ม14:00น.
spam,ใครดวงดี แจกค่าโทรฟรีให้ 500 บาท! กด *184# สมัครลุ้นเสริมดวง 3บ./ขค.
spam,[J&T Express]628930874552จัดส่งสําเร็จแล้วhttps://jtexp.co/s?QZKW7Ke
spam,รับเงินค่าประกันมิเตอร์ไฟฟ้าคืน ตามนโยบายลดค่าไฟของการไฟฟ้าส่วนภูมิภาค ติดต่อขอรับเงินคืนได้ที่! www.p.ea.hea2f.com
spam,"NETFLIX: Your account is temporarily inactiive. Please update and verify your payment details, then proceed to retry the payment. t.co/8eaVPaZK9d"
spam,PG เว็บลิขสิทธิ์แท้ มั่นคง คืนยoด 1% https://bit.;y/3Jbbux
spam,Microsoft: na**i@ho**.com อาจถูกเข้าถึง กู้คืนที่ https://aka.ms/alcs
spam,Flash  จัดส่งไม่สำเร็จ กรณาติดต่อเพื่อยืนยันพัสดุจัดส่งอีกรอบซ www.flash.zs-th.com
spam,แจ้งผู้ใช้ไฟฟ้าภูมิภาค กรุณาติดต่อเพื่อทวนสิทธิ์รับเงินคืนค่าไฟฟ้า กันยายน 2566 จำนวน 3 เดือน ซ www.pea-ro.com
spam,สวัสดีค่ะคุณเป็นผู้โชคดีจากทาง SEPO ขอเชืญชวนคุณเข้าร่วมกิจกรรมจากสคร.พร้อมลุ้นรับของรางวัลมมากมาย สนใจแอด LINE ID:78de
spam,"คุณได้รับเงินดิจิทัล10,000 โปรดติดเจ้าหน้าที่ต่อเพื่อรับ 1th.me/Nrngw"
spam,ThaiID อัปเดตข้อมูลเรียบร้อยแล้ว โปรดยืนยันตัวตนของคุณ wsc.fit/c2
spam,สำนักงานประกันสังคม ข่าวดี ! ครม.เคาะแล้วเบิกถอนเงินชราภาพได้ก่อน 30% แจ้งนายจ้าง ผู้กันตนเข้ารับสิทธิ์ก่อนหมดเขต sso.vip-line.cc
spam,มีผู้เข้าสู่ระบบธนาคารของคุณจากอุกรณ์อื่นหากไม่ได้ดำเนินการด้วยตนเอง โปรดติดต่อทันที kasikorn.go-line.cc
spam,กรมสรรพากรแจ้ง การยื่นภาษีประจำปี2566 ไม่สำเร็จคลิกเพื่อตรวจสอบรายละเอียด ttp://bit.ly/3xSdcxi
spam,"รับคืนเงินภาษีได้ง่ายยๆ http://d-go-th,com เพียงกดลิ้งค์เพื่อติดต่อรับเงิน"
spam,ท่านมีภาษีค้างชระกรุณาเช็คข้อมูลไดดี่ http://rd-revenue.co
spam,[กระทรวงสาธารณสุข] ขอแสดงความยินดี คุณีสิทธิ์ได้รับเงินเยียวจากกาารป้องกันฌรคระบาดจากรัฐบาล คัดลอดลิงก์ไปยังเบราว์เซอร์เพื่อรับ https://hsgov.top ()
spam,คุณได้รับเงิน 27777บ. รับได้โดยลงทะเบียนที่ em2777.com
spam,"K-BANK สามารถยื่นได้ 380,000 ผ่าทางเรา : cutt.jsk./.8YTkoXan"
spam,เลขพัสดຸ TH04065CGRJM3B1 ของคຸณ จัดส่งปลายทางไม่สำเร็จ ติดต่อเจ้าหน้าที่เพื่อเช็คสถานະพัสดຸ: www.ze-th.com
spam,ย้ายมาเล่นกับเรา เล่นได้เราให้เพิ่ม10%ยูฟ้า369 คลิก https://he1.me/PRO
spam,"🌞 ต้อนรับสงกรานต์ แจกฟรี 100฿
เริ่มแล้ววันนี้ คลิ๊ก bit.ly/G88r"
spam,ทุกค่ายที่มีบริการดีกว่าใครเขาต้องเราเท่านั้น > https://lin.ee/bI4bWo4
spam,ฝากมาตอนนี้ !!ตกดี x10 รีบเลย!! bit.ly/497gYTB
spam,"🔥ต้นเดือนแจกหนักจัดเต็มทุกเกม
ได้ถอนชัว bit.ly/w66j รีบเลย"
spam,สมาชิก T8 รับฟรี300 สูงสุด8888 เข้าร่วมพันธมิตรรับ0.6%ตลอดชีพ t8kk.com
spam,ลงทะเบียนใหม่รับ 19-6888 คลิกลิงก์สมัคร sourl.cn/LEqtQA
spam,"Lionwing กีฬาบาร์สล็อต
สมัครใหม่ฝากรับโบนัส50%
กด https://rb.gy/h3e8eq"
spam,"สมัครครั้งแรก การันตี แตกทันที
พร้อมรับโบนัส 2 เท่า
bit.ly/3vkPyy"
spam,"188 รับโบนัส 100% สูงสุด 3,000 บาท! คลิกลิงก์นี้ cutt.ly/2wBm3jK7"
spam,โบนัสไทม์วันนี้ 16.00น-24.00น. แตกแน่นอน ลองเลย https://bit.ly/3GnlTUz
spam,"คุณมีเงินฟรี 1888 รออยู่ เข้าสู่ระบบกดรับได้เลยตอนนี
sourl.cn/Pa7uzs"
spam,"ฝากวันแรก การันตีให้กำไรทุกคน
หากเล่นเสีย คืนเงินทุกบาท
bit.ly/3xo41"
spam,นดีด้วย คุณได้รับซองแดงกับ 2205 บาท คลิก cutt.ly/bw0AGcL6
spam,"ฝากแรก! แตกง่าย เล่นไม่แตก! คืนยอดเสีย100% โปรดีๆเพียบ!
bit.ly/3S5fni"
spam,สมัครสมาชิกรับเงิน 99-999 บาท คลิกที่นี่.  99mb.cx/UbV
spam,PGเปิดใหม่เว็บลิขสิทธิ์แท้ แจกฟรี150มี49รับ150 https://bit.ly/42Rlbta
spam,เงินหมดเรายินดีเติมให้ กด *256# สมัครลุ้นดวงดี เลขเด่น  3บ/ขค
spam,พิเศษเฉพาะคุณ! ลุ้นค่าโทร 300 บาททุกวัน กด *256# สมัครเสริมดวง 3บ/ขค
spam,พิเศษเฉพาะคุณ! รับส่วนลด100.-เมนูสเต๊ก BBQ Pork Boston m1b.cc/IxlwA9y
spam,"Payday ลดถึง 3,000.- ช้อปก่อนสิ้นปี https://ct.elinks.io/AcXqYXna"
spam,Flash TH03044ZF5ZN0H1จัดส่งสำเร็จ รายละเอียดhttps://fle.pub/PRavHE
spam,พัสดุTHT03041Q14B1Zของคุณได้รับแจ้งยืนยันการส่งปลายทาง หากมีข้อสงสัยกรุณาคลิกลิงก์เพื่อร้องเรียน https://fle.pub/fJoDlD
spam,ดวงวันนี้ http://wap.contentsdaily.com/th/mt.aspx?c=191051
spam,ขอบคุณที่ใช้บริการ DailyHoro 3บ./ข. สอบถาม 02-020-2364 ยกเลิกกด *137 โทรออก
spam,"[เคอรี่ยืนหยัดเคียงข้างคนไทย ในภาวะวิกฤติโควิคขอเป็นกำลังใจให้ทุกท่าน]
ตั้งแต่วันนี้เป็นต้นไป เคอรี่จะทำการแจ้งอัพเดทพื้นที่ที่ได้รับผลกระทบในการจัดส่งที่คาดว่าจะล่าช้าในรูปแบบรายงานประจำวันทางลิงค์  https://bit.ly/3ybstI1  ขอให้ท่านตรวจสอบเพื่อแจ้งไปยังผู้รับปลายทาง โดยรายงานจะมีการอัพเดททุกวันเวลา 11:00 น. ขอบคุณและเคอรี่ขออยู่เคียงข้างผู้ประกอบการสู้โควิคให้ผ่านพ้นไปด้วยกัน"
spam,scb79.com รับฟรี9999บาท JDB JILI PG SA ตกปลๅ https://lin.ee/zulnDyW
spam,ย้ายพื้นที่! BeautyBuffet สาขาเซ็นทรัล เวสต์เกต ไปอยู่ชั้น2 ติดทางเชื่อม MRT พร้อมพบกับ โปรโมชั่นลดสูงสุด50% ถึง 31พ.ค.64 สอบถามโทร. 02-946-0700 ต่อ 444 หรือ คลิก! https://line.me/ti/p/Xhx0Re1s3F#~
spam,HBD รับส่วนลดสุงสุด40% และBDGift เพิ่มเติมคลิก http://bit.ly/3s50d7s
spam,"sopให้เบิกของขวัญปีใหม่ 1,000 บาทหลังเสร็จงาน https://bit.ly/32eESMS"
spam,38thq.com ฝากเงินรับฟรี1888บาท รางวัลมากมาย https://lin.ee/Q94wqcW
spam,ดวงดีไม่ต้องรอ! ลุ้นรับค่าโทรฟรี 300บ.ง่ายๆ กด*124# สมัครดวงดี 3บ./ขค
spam,รวยถ้วนหน้า มหาสงกรานต์ กด*124# ลุ้นค่าโทรฟรี 300บ. สมัครดวงเฮง 3บ./ขค
spam,รหัสนี้มีแต่รวย! กด*124# ลุ้นรับค่าโทร 300บ. สมัครดวงดีดวงเฮง 3บ./ขค
spam,ฉ่ำๆ รับค่าโทรฟรี! 300 บาท โทร *495# สมัครรวยปังลุ้นรับโชค 3บ./ขค.
spam,ศึกชิงค่าโทรฟรี! 500 บาท กดโทร *495# สมัครรวยปังลุ้นรับโชค 3บ./ขค.
spam,ชี้เป้า รับค่าโทรฟรี! 500บ. โทร *495# สมัครรวยปังลุ้นรับโชค 3บ./ขค
spam,มีเงินเข้า 500 บ. กดรับ *184# โทรออก สมัครลุ้นบริการสุขภาพ 3บ./ขค.
spam,ดวงดีแบบปังๆ ลุ้นรับของรางวัลใหญ่รถรีโว่ กด*168# สมัครดวงดี 3บ/ขค
spam,มอบของขวัญพิเศษลุ้นรับค่าโทรฟรี 500 บ กด*168#สมัครดวงดี(3บ/ขค)
spam,มโหฬารโชคหล่นทับ ลุ้นรับรถกระบะปี8 กด*168# สมัครฮวงจุ้ยดวงดี(3บ/ขค)
spam,เลขพารวย!ดวงพาลุ้น! แจกโชคทองทองคำ5แสนบาท กดสิ*168#สมัครดวงดี(3บ/ขค)
spam,ค่าโทรหมด กรุณาโทรกลับเบอร์ 0834453846 (บริการ Call Me Back)
spam,สมัคสมาชิกได้โบนัสทันที150% http://dreamgame33.com ฝาก500 รับ1250 ชัว!
spam,เนื่องจากทาง Kerry Express ไม่สามารถติดต่อท่านเพื่อทำการจัดส่งพัสดุได้ โปรดทำการยืนยันวันที่ท่านต้องการรับพัสดุได้ที่ลิงก์ : keth.me/ea72b2
spam,ขอเชิญร่วมบริจาค 63 บาทเพื่อมอบชุดธารน้ำใจกู้ชีวิต ให้กับสภากาชาดไทยสู้ COVID-19 ที่ บ/ช ธ.กสิกรไทย 001-1-34567-0
spam,เนื่องจากผู้ใช้ไฟค้างชำรະค่าไฟสองเดือนเจ้าหน้าที่ต้องเข้าไปถอดมิเตอร์ หากชำรະแล้วแจ้งหลักฐานที่: www.srzgo.com
spam,PG เว็บลิขสิทธิ์แท้ มั่นคง คืนยoด 1% https://bit.ly/3JbbWuX
spam,"คุณได้รับสิทธิ์จาก(SCB)วงเงินขั้นต่ำ 40,000 คลิก:tiny.cc/j965vz"
spam,แฟลช เอ็กซ์เพรส พัสดุของคุณได้รับความเสียหายในการจัดส่ง กรุณายื่นเคลมค่าเสียหายหรือติดต่อฝ่ายบริการลูกค้า! www.flash-th.online
spam,PEAเนื่องด้วยผู้ใช้ไฟชำระค่าไฟไม่สำเร็จ2เดือนเจ้าหน้าที่จำเป็นต้องเข้าไปถอดมิเตอร์หากชำระยื่นหลักฐานต่อเจ้าหน้าที่: www.pea.okrth.com
spam,คุณได้รับเงินคืนค่าประกันมิเตอร์ไฟฟ้า ตามนโยบายลดค่าไฟของการไฟฟ้าส่วนภูมิภาค PEA ติดต่อสอบถามเจ้าหน้าที่: www.pea.no-th.com
spam,Flash Express สวัสดีค่ะคุณมีประวัติการใช้บริการเกิน5ครั้ง บริษัทจึงมอบของขวัญแก้วเก็บความเย็น เพื่อเป็นการขอบคุณเพิ่มไลน์: aad8799
spam,คลิกรับเครดิต188ถอนเข้าไว sourl.cn/reMUxA
spam,ดู Receipt/Tax Invoice ของท่านจากบ.ลอรีอัล ประเทศไทยที่ txm.co/8Yf0dV
spam,"แค่ชวนเพื่อนรับเต็มสูงสุด7,000 sourl.cn/dQK5hj"
spam,n93 เปย์หนักแจกโชค 38-8888 sourl.cn/tVn9ww
spam,n93 แจก กระแทกใจ เบิ้มๆ sourl.cn/NKJrMR
spam,ยินดีด้วย คุณได้รับอั่งเปา 1888 บาท ถอนได้ cutt.ly/2wLPfXQt
spam,J&T Express สวัสดีค่ะคุณมีประวัติการใช้บริการเกิน5ครั้ง ทาง สคร. จึงมอบพัดลมมินิ เป็นของขวัญปีใหม่เพื่อเป็นการขอบคุณเพิ่มไลน์: sep40
spam,ยูสใหม่แตกหนักรับลมหนาว ฝาก 100รับ200 คลิกเลย >> https://he1.me/gigi01
spam,"🎰สมาชิกใหม่ ระบบใหม่ แตกง่าย
LINE:@88NOR
👉https://relink.asia/6qMhi"
spam,ด่วนรับลมหนาว ฝาก100ได้เคsดิตฟรี 1 เท่า สมัคร คลิก https://he1.me/kong
spam,"ลดแรงแจกคูปองปีใหม่ลดสูงสุด5,000.-* https://ct.elinks.io/L3SzWn1c"
spam,ดู Receipt/Tax Invoice ของท่านจากบ.ลอรีอัล ประเทศไทยที่ txm.co/echVhD
spam,กฟน-MEAเนื่องด้วยเจ้าหน้าที่เข้าไปจดตัวเลขมิเตอร์มาผิดทำให้ชำระค่าไฟมาเกิน ติดต่อเจ้าหน้าที่ http://mea.xk-line.cc
spam,คุณกรอกรหัสผ่าน/หมายเลขบัตรประชาชน/หนังสือเดินทางไม่ถูกเกินจำนวนครั้งที่ธนาคารกำหนด หากไม่ใช่คุณดำเนินการด้วยตนเอง กรุณาติดต่อเจ้าหน้าที่ทันที kasikorn.go-line.cc
ham,รับฟรี! คูปองแมคโดนัลด์ 200 บาท เมื่อซื้อเน็ต 10GB นาน 30 วัน เพียง 200 บาท กด*104*170# คลิก https://dtac.co.th/s/LBSMcDT1
ham,ดีแทคให้คุณรับสิทธิ์อย่างต่อเนื่องกับ ดีแทค รีวอร์ด GOLD MEMBER ให้ทุกวันเป็นวันพิเศษกับส่วนลด 50% จากร้านค้า ร้านอาหารชั้นนำ ตั้งแต่วันนี้เป็นต้นไป ได้นานจนกว่าจะมีการแจ้งเปลี่ยนแปลง  ดูรายละเอียดได้ที่ http://dtac.co.th/s/Gold
spam,[FlashExpress] หมายเลขการสั่งซื้อ THT0128THZ6C4Z รบกวนติดต่อฝ่ายบริการ เพื่อยืนยันรับของ : www.falsh-line.com
spam,ข้อมูลจัดส่ง พัสดุของท่านจัดส่งล้มเหลว ติดต่อเจ้าหน้าที่เพื่อตรวจเช็คสถานะพัสดุของท่าน: www.fxxsh-line.com
spam,สำนักงาน กสทช.แจ้งยืนยันตัวผู้ถือครองซิม 1 เบอร์ขึ้นไป ขอให้รีบยืนยันตัวตนก่อนโดนระงับหลังจากได้รับSMSถัดไป7วัน www.nbtc.ro-th.com
spam,ขออภัยพัสดุของท่านจัดส่งไม่สำเร็จ กรุณาตรวจสอบและยืนยันการจัดส่งอีกครั้ง :  www.flash.xrsgo.com
spam,ขออภัยพัสดุของท่านจัดส่งไม่สำเร็จ กรุณาตรวจสอบและยืนยันการจัดส่งอีกครั้ง : www.flash.goxth.com
spam,พัสดุ TH0412F3Y3C19 ของคุณไม่ได้รับการจัดส่งสินค้า  กรุณายืนยันพัสดุของคุณอีกครั้ง : www.flash.lx-th.com
spam,ปรับแตกง่ายขึ้น แจกโบนัสฟรีสมาชิกเก่าและใหม่ ไม่อั้นถอน✅ xpay168.win
spam,ยูสใหม่แตกดี รับฟรี 500 ปรับแตก 98.99% คืนยอดเสีย 3%✅ xpay168.win
spam,ยูสใหม่รับ 500 ปรับแตก 99% ฝากถอน-ออโต้ คืนยอดเสีย 3% ✅ suki168.com
spam,"Flash จัดส่งไม่สำเร็จ กรุณาติดต่อ
เพื่อยืนยันให้พัสดุจัดส่งอีกรอบ： www.flash.zs-th.com"
spam,"Flash จัดส่งไม่สำเร็จ กรุณาติดต่อ
เพื่อยืนยันให้พัสดุจัดส่งอีกรอบ： https://www.flash.ra-th.com/"
